ITEM,concatenation_description,synapse_quantity_allocable,e1_quantity,STATUS,e1_quantity_hard_commit,e1_quantity_soft_commit,synapse_quantity,synapse_quantity_tasked
00.6115.411.090,X0 CRANKSET PF30 10SP 38/24 17 - 5MM - 00.6115.411.090,1,1,,1,0,1,0
00.6115.496.030,X7 S1000 CRANKSET GXP 10SP 38/ - 24 170MM - 00.6115.496.030,1,1,,1,0,1,0
00.6118.093.024,X1 CRANKSET GXP 32T 170MM - 00 - .6118.093.024,2,2,,2,0,2,0
00.6118.175.002,RIVAL 22 CRANKSET PF30 46/36 1 - 70MM - 00.6118.175.002,1,1,,1,0,1,0
00.6118.194.024,SRAM - FC S1000 30MM 170 BLK X - SYNC 32,1,1,,1,0,1,0
00.6118.280.009,SRAM - FC X01 24MM 175 BLK DM - XSYNC 32,1,1,,1,0,1,0
00.7018.027.010,X7 SHIFTER LEFT 2SP - 00.7018. - 027.010,60,60,,30,0,60,0
00.7018.033.010,X0 SHIFTER FRONT 2SP - 00.7018 - .033.010,5,5,,0,0,5,
00.7615.124.010,X9 Front Derailleur Low Direct - Mount 2x10sp S3 Bottom Pull 3,26,26,,26,0,26,
00.7615.150.010,X5 FRONT DERAILLEUR HIGH CLAMP - 31.8 DUAL PULL,3,3,,3,0,3,0
00.7615.163.000,X0 Front Derailleur Low Direct - Mount - Top Pull - S3,8,8,,0,0,8,
00.7615.166.000,"X0 FRONT DERAILLEUR HDM, DP - - 00.7615.166.000",8,8,,8,0,8,
00.7615.167.000,X0 FRONT DERAILLEUR HIGH CLAMP - 2X10SP 31.8 DUAL PULL 38/36T,1,1,,8,0,1,0
00.7618.020.010,X5 FRONT DERAILLEUR HIGH DIREC - T MOUNT - DUAL PULL,3,3,,3,0,3,0
00-001-20-47-25,RLT 9 Frameset-47-FORGE GREY/S - KYE BLUE,45,49,,8,40,45,
00-001-20-50-25,RLT 9 Frameset-50-FORGE GREY/S - KYE BLUE,75,87,,17,70,75,
00-001-20-53-25,RLT 9 Frameset-53-FORGE GREY/S - KYE BLUE,134,137,,14,125,134,
00-001-20-56-25,RLT 9 Frameset-56-FORGE GREY/S - KYE BLUE,150,153,,7,146,151,
00-001-20-59-25,RLT 9 Frameset-59-FORGE GREY/S - KYE BLUE,164,164,,18,60,164,
00-001-20-62-25,RLT 9 Frameset-62-FORGE GREY/S - KYE BLUE,90,90,,6,10,90,
00-001-21-47-80,RLT 9 Frameset-47-AZURE BLUE/B - RONZE,4,5,,1,43,4,
00-001-21-50-80,RLT 9 Frameset-50-AZURE BLUE/B - RONZE,5,7,,2,79,5,
00-001-21-53-80,RLT 9 Frameset-53-AZURE BLUE/B - RONZE,2,2,,9,106,2,
00-001-21-59-80,RLT 9 Frameset-59-AZURE BLUE/B - RONZE,8,9,,2,56,8,
00-001-21-62-80,RLT 9 Frameset-62-AZURE BLUE/B - RONZE,4,4,,1,23,4,
00-101-18-47-50,RLT 9 STEEL Frameset - 47cm - - Orange-a-Tan,2,2,,0,0,2,
00-101-18-56-50,RLT 9 STEEL Frameset - 56cm - - Orange-a-Tan,1,1,,0,0,1,
00-101-20-47-25,RLT 9 Steel Frameset-47-FORGE - GREY/BAJA BLUE,30,30,,0,0,30,
00-101-20-50-25,RLT 9 Steel Frameset-50-FORGE - GREY/BAJA BLUE,21,22,,1,2,21,
00-101-20-56-25,RLT 9 Steel Frameset-56-FORGE - GREY/BAJA BLUE,1,1,,0,2,1,
00-101-20-62-25,RLT 9 Steel Frameset-62-FORGE - GREY/BAJA BLUE,5,5,,0,0,5,
00-101-21-47-20,RLT 9 Steel Frameset - 47 - BL - ACK/BRONZE,2,2,,0,27,2,
00-101-21-47-70,RLT 9 Steel Frameset - 47 - EM - ERALD GREEN,11,11,,1,10,11,
00-101-21-50-20,RLT 9 Steel Frameset - 50 - BL - ACK/BRONZE,5,5,,2,61,5,
00-101-21-50-70,RLT 9 Steel Frameset - 50 - EM - ERALD GREEN,1,1,,0,15,1,
00-101-21-56-20,RLT 9 Steel Frameset - 56 - BL - ACK/BRONZE,1,1,,12,148,1,
00-101-21-56-70,RLT 9 Steel Frameset - 56 - EM - ERALD GREEN,2,2,,3,37,2,
00-101-21-59-70,RLT 9 Steel Frameset - 59 - EM - ERALD GREEN,21,21,,3,19,21,
00-101-21-62-20,RLT 9 Steel Frameset - 62 - BL - ACK/BRONZE,3,3,,3,16,3,0
00-101-21-62-70,RLT 9 Steel Frameset - 62 - EM - ERALD GREEN,9,9,,2,3,9,
00-801-18-53-80,RLT 9 RDO FRAMESET - 53CM - CE - MENT/BLUE,1,1,,0,0,1,
00-801-20-47-70,RLT 9 RDO FRAMESET-47-OLIVE GR - EEN/ORANGE,22,22,,0,0,22,
00-801-20-50-70,RLT 9 RDO FRAMESET-50-OLIVE GR - EEN/ORANGE,1,1,,0,3,1,
00-801-20-59-80,RLT 9 RDO FRAMESET-59-BAJA BLU - E/SAND,2,2,,4,0,2,0
00-801-20-62-70,RLT 9 RDO FRAMESET-62-OLIVE GR - EEN/ORANGE,22,22,,4,0,22,
00-801-20-62-80,RLT 9 RDO FRAMESET-62-BAJA BLU - E/SAND,16,16,,3,-2,16,
00-801-21-47-15,RLT 9 RDO FRAMESET-47-AVALANCH - E GREY/SLATE,6,6,,4,56,6,
00-801-21-47-40,RLT 9 RDO FRAMESET-47-OXBLOOD - RED,6,6,,1,45,6,
00-801-21-50-15,RLT 9 RDO FRAMESET-50-AVALANCH - E GREY/SLATE,9,9,,12,126,9,
00-801-21-50-40,RLT 9 RDO FRAMESET-50-OXBLOOD - RED,18,19,,1,103,18,
00-801-21-53-15,RLT 9 RDO FRAMESET-53-AVALANCH - E GREY/SLATE,14,20,,14,233,14,
00-801-21-53-40,RLT 9 RDO FRAMESET-53-OXBLOOD - RED,13,13,,8,219,13,0
00-801-21-56-15,RLT 9 RDO FRAMESET-56-AVALANCH - E GREY/SLATE,28,28,,10,243,28,
00-801-21-56-40,RLT 9 RDO FRAMESET-56-OXBLOOD - RED,30,30,,10,244,30,
00-801-21-59-15,RLT 9 RDO FRAMESET-59-AVALANCH - E GREY/SLATE,22,22,,10,142,22,
00-801-21-59-40,RLT 9 RDO FRAMESET-59-OXBLOOD - RED,23,26,,7,131,23,
00-801-21-62-15,RLT 9 RDO FRAMESET-62-AVALANCH - E GREY/SLATE,15,15,,1,32,15,
00-801-21-62-40,RLT 9 RDO FRAMESET-62-OXBLOOD - RED,14,26,,0,20,14,
00-814-20-59-00,RLT E9 RDO 4-STAR MY20 - 59CM - - ELECTRIC MOSS,15,16,,1,2,15,
00-814-21-50-00,RLT E9 RDO 4-STAR MY21 - 50CM - - ELECTRIC MOSS,17,20,,3,2,17,
00-814-21-53-00,RLT E9 RDO 4-STAR MY21 - 53CM - - ELECTRIC MOSS,35,38,,5,4,35,
00-814-21-56-00,RLT E9 RDO 4-STAR MY21 - 56CM - - ELECTRIC MOSS,65,68,,4,7,65,
00-814-21-59-00,RLT E9 RDO 4-STAR MY21 - 59CM - - ELECTRIC MOSS,56,56,,0,2,56,
00-901-20-53-20,MCR 9 RDO FRAMESET-53-BLACK/MA - GNETIC GREY,44,44,,0,4,44,
00-901-20-53-70,MCR 9 RDO FRAMESET-53-OLIVE GR - EEN/ORANGE,54,56,,2,3,54,
00-901-20-56-20,MCR 9 RDO FRAMESET-56-BLACK/MA - GNETIC GREY,60,60,,2,4,60,
00-901-20-56-70,MCR 9 RDO FRAMESET-56-OLIVE GR - EEN/ORANGE,42,42,,1,6,42,
00-901-20-59-20,MCR 9 RDO FRAMESET-59-BLACK/MA - GNETIC GREY,30,30,,0,2,30,
00-901-20-59-70,MCR 9 RDO FRAMESET-59-OLIVE GR - EEN/ORANGE,34,34,,2,0,34,
01-101-20-03-20,SIR 9 FRAME - SM - CEMENT/BLAC - K/COPPER,3,4,,4,39,4,1
01-512-20-02-10,Air 9 Frame Only - XS - SILVER - /BAJA BLUE,23,23,,4,45,23,
01-512-20-04-10,Air 9 Frame Only - MD - SILVER - /BAJA BLUE,220,241,,31,316,220,
01-512-20-05-10,Air 9 Frame Only - LG - SILVER - /BAJA BLUE,180,180,,20,268,180,
01-512-20-06-10,Air 9 Frame Only - XL - SILVER - /BAJA BLUE,49,39,,13,80,49,
01-701-19-03-50,AIR 9 RDO Frame Only - Small - - Orange/Yellow,2,2,,1,0,2,
01-701-19-04-80,AIR 9 RDO Frame Only - Medium - - Gloss Blue,1,1,,1,0,1,
01-701-20-02-65,AIR 9 RDO (FRAME ONLY)-XS-SAND - /ORANGE,3,3,,5,8,3,
01-701-20-03-20,AIR 9 RDO (FRAME ONLY)-SM-SATI - N CARBON/SILVER,4,0,,14,119,4,0
01-701-20-03-65,AIR 9 RDO (FRAME ONLY)-SM-SAND - /ORANGE,4,4,,6,22,4,
01-701-20-04-20,AIR 9 RDO (FRAME ONLY)-MD-SATI - N CARBON/SILVER,16,-15,,8,235,16,
01-701-20-04-65,AIR 9 RDO (FRAME ONLY)-MD-SAND - /ORANGE,13,1,,8,36,13,
01-701-20-05-20,AIR 9 RDO (FRAME ONLY)-LG-SATI - N CARBON/SILVER,11,15,,9,212,14,3
01-701-20-05-65,AIR 9 RDO (FRAME ONLY)-LG-SAND - /ORANGE,5,11,,14,39,6,1
01-701-20-06-20,AIR 9 RDO (FRAME ONLY)-XL-SATI - N CARBON/SILVER,4,0,,7,72,4,
01-701-20-06-65,AIR 9 RDO (FRAME ONLY)-XL-SAND - /ORANGE,4,4,,0,13,4,
01-702-16-02-20,AIR 9 CARBON FRAME ONLY - XS - - BLACK/SLATE - WARRANTY,2,2,,0,0,2,
01-702-16-04-20,AIR 9 Carbon Frame Only - MD - - Black/Slate - WARRANTY,8,8,,0,0,8,
01-702-16-05-20,AIR 9 CARBON FRAME ONLY - LG - - BLACK/SLATE - WARRANTY,1,1,,0,0,1,
02-604-15-04-71,RIP 9 CARBON FRAME ONLY - MEDI - UM - BLACK/NINER GREEN,10,10,,0,0,10,
02-611-16-03-20,JET 9 RDO [NO SHOCK] - SM - CA - RBON/RED,1,1,,0,0,1,
02-611-18-03-22,JET 9 RDO [NO SHOCK] - SM - LI - CORICE,1,1,,0,0,1,
02-611-21-03-25,JET 9 RDO (NO SHOCK) - SM - MA - GNETIC GREY,1,14,,16,143,1,
02-611-21-03-70,JET 9 RDO (NO SHOCK) - SM - EM - ERALD GREEN,3,-5,,15,174,3,
02-611-21-04-25,JET 9 RDO (NO SHOCK) - MD - MA - GNETIC GREY,22,43,,29,387,22,
02-611-21-04-70,JET 9 RDO (NO SHOCK) - MD - EM - ERALD GREEN,21,41,,30,290,21,
02-611-21-05-25,JET 9 RDO (NO SHOCK) - LG - MA - GNETIC GREY,5,5,,43,357,5,
02-611-21-05-70,JET 9 RDO (NO SHOCK) - LG - EM - ERALD GREEN,5,6,,44,245,5,
02-611-21-06-25,JET 9 RDO (NO SHOCK) - XL - MA - GNETIC GREY,5,5,,17,87,5,
02-611-21-06-70,JET 9 RDO (NO SHOCK) - XL - EM - ERALD GREEN,7,20,,14,56,7,
02-701-21-04-15,RKT 9 RDO - FOX FACTORY - MD - - GREY/ORANGE,500,0,,0,0,500,0
02-711-18-02-50,RKT 9 RDO [NO SHOCK] - XS - OR - ANGE,2,2,,0,0,2,
02-711-18-04-50,RKT 9 RDO [NO SHOCK] - MD - OR - ANGE,3,3,,2,0,3,
02-711-18-05-50,RKT 9 RDO [NO SHOCK] - LG - OR - ANGE,1,1,,0,0,1,
02-711-20-02-20,RKT 9 RDO [NO SHOCK]-XS-SATIN - CARBON BLACK/MAGNETIC GREY,3,3,,1,3,3,
02-711-20-02-50,RKT 9 RDO [NO SHOCK]-XS-GREY/O - RANGE,2,2,,5,2,2,
02-711-20-03-20,RKT 9 RDO [NO SHOCK]-SM-SATIN - CARBON BLACK/MAGNETIC GREY,4,-23,,5,49,4,
02-711-20-03-50,RKT 9 RDO [NO SHOCK]-SM-GREY/O - RANGE,2,3,,4,26,2,
02-711-20-04-20,RKT 9 RDO [NO SHOCK]-MD-SATIN - CARBON BLACK/MAGNETIC GREY,9,13,,12,61,9,0
02-711-20-04-50,RKT 9 RDO [NO SHOCK]-MD-GREY/O - RANGE,7,9,,5,48,7,
02-711-20-05-20,RKT 9 RDO [NO SHOCK]-LG-SATIN - CARBON BLACK/MAGNETIC GREY,12,31,,20,40,12,
02-711-20-05-50,RKT 9 RDO [NO SHOCK]-LG-GREY/O - RANGE,9,10,,5,23,9,
02-711-20-06-20,RKT 9 RDO [NO SHOCK]-XL-SATIN - CARBON BLACK/MAGNETIC GREY,5,7,,3,11,5,
02-711-20-06-50,RKT 9 RDO [NO SHOCK]-XL-GREY/O - RANGE,2,4,,0,4,2,
02-809-21-03-10,RIP 9 RDO - FOX FACTORY - 29 - - SM - SILVER/BAJA BLUE,998,0,,0,0,998,
02-811-16-03-70,RIP 9 RDO [NO SHOCK] - SM - CA - RBON/GREEN,1,1,,0,0,1,
02-817-19-03-65,RIP 9 RDO 27.5 [NO SHOCK] - SM - - SANTA FE SAND,1,1,,0,1,1,
02-817-19-04-65,RIP 9 RDO 27.5 [NO SHOCK] - MD - - SANTA FE SAND,3,3,,0,3,3,
02-817-19-05-65,RIP 9 RDO 27.5 [NO SHOCK] - LG - - SANTA FE SAND,22,22,,0,2,22,
02-817-20-03-20,RIP 9 RDO 27.5 (NO SHOCK)-SM-S - ATIN CARBON,26,26,,0,31,26,
02-817-20-04-20,RIP 9 RDO 27.5 (NO SHOCK)-MD-S - ATIN CARBON,44,44,,2,37,44,
02-817-20-05-20,RIP 9 RDO 27.5 (NO SHOCK)-LG-S - ATIN CARBON,32,32,,1,18,32,
02-819-20-05-20,RIP 9 RDO 29 (NO SHOCK)-LG-SAT - IN CARBON,1,0,,16,244,1,
02-821-21-05-10,RIP 9 RDO 29 [NO SHOCK] - LG - - SILVER/BAJA BLUE,1,1,,9,161,1,
02-821-21-06-10,RIP 9 RDO 29 [NO SHOCK] - XL - - SILVER/BAJA BLUE,1,0,,7,36,1,
02-919-21-03-20,WFO 9 RDO (NO SHOCK) - SM - FA - DE TO BLACK,36,37,,1,14,36,
02-919-21-03-40,WFO 9 RDO (NO SHOCK) - SM - HO - T TAMALE,36,37,,3,11,36,
02-919-21-04-20,WFO 9 RDO (NO SHOCK) - MD - FA - DE TO BLACK,86,85,,6,29,86,
02-919-21-04-40,WFO 9 RDO (NO SHOCK) - MD - HO - T TAMALE,66,71,,14,42,66,
02-919-21-05-20,WFO 9 RDO (NO SHOCK) - LG - FA - DE TO BLACK,63,63,,6,45,63,
02-919-21-05-40,WFO 9 RDO (NO SHOCK) - LG - HO - T TAMALE,46,48,,7,40,46,
04-338-20-03-00,WFO E9 3-STAR MY20 - SM - MAGN - ETIC GREY/ORANGE CAMO,2,2,,0,0,2,
04-535-21-05-00,RIP E9 3-STAR MY21 - LG - MAGN - ETIC GREY/OIL SLICK,1,1,,0,100,1,
05-402-19-05-20,ASSY SPEC - RLT 2-STAR MY19 - - 59/62 CM,1,1,,0,0,1,
05-503-19-70-80,ASSY SPEC - AIR RKT XC - 3-STA - R - 170mm - Blue - 29 - MY19,4,4,,0,0,4,
06-531-20-15-20,FOX PERFORMANCE ELITE 32 FLOAT - AX SC - 40MM - 44MM RAKE -MCR,22,22,,7,2,22,
06-531-21-15-20,FOX PERFORMANCE ELITE 32 FLOAT - AX SC - 40MM - 44MM RAKE -MCR,144,145,,13,19,144,
06-540-21-15-20,FOX FLOAT 38 PERFORMANCE - 29 - - 180MM - BOOST - 44MM RAKE -,78,78,,32,26,78,
06-543-21-15-20,FOX FLOAT 38 FACTORY - 29 - 18 - 0MM - BOOST - 44MM RAKE - 2021,24,10,,31,46,24,
06-611-20-15-20,FOX FLOAT 36 FACTORY - 29 - 15 - 0MM - BOOST - 44MM RAKE - 2020,65,65,,0,0,65,
06-611-21-15-20,FOX FLOAT 36 FACTORY - 29 - 15 - 0MM - BOOST - 44MM RAKE - 2022,96,96,,124,452,96,
06-621-20-15-20,FOX FLOAT 36 FACTORY - 27 - 15 - 0MM - BOOST - 37MM RAKE - 2020,66,67,,1,24,66,
06-631-20-15-20,FOX PERFORMANCE ELITE 36 FLOAT - - 29 - 150MM - BOOST - 44MM R,5,5,,0,0,5,
06-641-20-15-20,FOX PERFORMANCE ELITE 36 FLOAT - - 27 - 150MM - BOOST - 37MM R,20,20,,0,60,20,
06-661-21-15-20,FOX FLOAT 36 RHYTHM - 29 - 150 - MM - BOOST - 44MM RAKE - 2022_,173,185,,25,414,173,
06-681-20-15-20,FOX GRIP2 LIVE 36 FLOAT - 29 - - 150MM - BOOST - 44MM RAKE - 2,6,6,,0,0,6,
06-701-19-15-50,FOX FLOAT 34 SC FACTORY - 120M - M - BOOST - 51MM RAKE - 2019 -,5,5,,0,0,5,
06-701-21-15-20,FOX FLOAT 34 SC FACTORY - 120M - M - BOOST - 44MM RAKE - 2021,16,-34,,49,139,16,
06-701-21-15-50,FOX FLOAT 34 SC FACTORY - 120M - M - BOOST - 44MM RAKE - 2021 -,76,27,,15,20,76,
06-711-20-15-20,FOX FLOAT 34 FACTORY - 130MM - - BOOST - 44MM RAKE - 2020,1,1,,0,0,1,
06-751-21-15-20,FOX FLOAT 34 RHYTHM - 120MM - - BOOST - 44MM RAKE - 2022_2021,135,145,,23,150,135,
06-752-21-15-20,MARZOCCHI BOMBER Z2 - 120MM - - BOOST - 29 - 44MM RAKE - 2022_,489,489,,269,887,489,
06-761-21-15-20,FOX FLOAT 34 RHYTHM - 130MM - - BOOST - 44MM RAKE - 2022_2021,505,555,,84,675,505,
06-801-18-00-01,FOX REMOTE LOCKOUT - 2 POSITIO - N - DUAL PULL - 2018,324,324,,72,266,324,
06-801-21-15-20,FOX FLOAT 32 SC FACTORY - 100M - M - BOOST - 44MM RAKE - 2022_2,47,35,,30,192,47,
06-801-21-15-50,FOX FLOAT 32 SC FACTORY - 100M - M - BOOST - 2022_2021 - ORANGE,56,56,,42,73,56,
06-801-22-00-01,FOX REMOTE LOCKOUT - 2 POSITIO - N - DUAL PULL - 2023_2022,40,40,,0,0,40,
06-851-21-00-20,FOX FLOAT 32 RHYTHM - 100MM - - BOOST - 2022_2021,218,225,,30,409,218,
07-002-16-00-25,GRAVEL RDO THRU AXLE FORK W/ R - ACK MOUNT - POST MOUNT - GREY,3,3,,0,1,3,
07-002-20-12-20,Gravel RDO Thru Axle Fork w/ R - ack Mount - FM,63,64,,1,0,64,
07-081-17-15-22,NINER BOOST RDO MTB FORK - STE - ALTH,250,251,,0,21,251,
08-601-17-00-20,2017 FOX FACTORY FLOAT DPS EVO - L SHOCK - JET 9 RDO,4,4,,0,0,4,
08-601-20-00-20,2020 FOX FLOAT FACTORY DPS EVO - L SHOCK - JET 9 RDO,4,4,,0,0,4,
08-601-21-00-20,2022_2021 FOX FLOAT FACTORY DP - S EVOL SHOCK - JET 9 RDO,21,21,,0,1,21,
08-603-16-00-20,2016 FOX FACTORY FLOAT DPS SHO - CK - RIP 9 RDO,1,1,,0,0,1,
08-603-22-00-20,2022 FOX FLOAT X FACTORY SHOCK - - JET 9 RDO,444,571,,142,819,444,
08-604-22-00-20,2022 FOX X PERFORMANCE SHOCK - - JET 9 RDO,623,668,,84,675,623,
08-701-21-00-20,2022_2021 FOX FACTORY FLOAT DP - S EVOL SHOCK - RKT 9 RDO,70,73,,60,62,70,
08-702-20-00-20,2020 FOX FLOAT PERFORMANCE DPS - EVOL SHOCK - RKT 9 RDO,7,7,,0,0,7,
08-702-21-00-20,2022_2021 FOX FLOAT PERFORMANC - E DPS EVOL SHOCK - RKT 9 RDO,109,110,,28,169,109,
08-702-22-00-20,2022 FOX FLOAT PERFORMANCE DPS - EVOL SHOCK - RKT 9 RDO,270,270,,0,0,270,
08-703-20-00-20,2020 FOX FACTORY FLOAT DPS REM - OTE UP EVOL SHOCK - RKT 9 RDO,25,25,,0,0,25,
08-703-21-00-20,2022_2021 FOX FACTORY FLOAT DP - S REMOTE UP EVOL SHOCK - RKT 9,136,141,,7,27,136,
08-703-22-00-20,2022 FOX FACTORY FLOAT DPS REM - OTE DOWN EVOL SHOCK - RKT 9 RD,260,260,,0,0,260,
08-802-21-00-20,2021 FOX DPX2 PERFORMANCE EVOL - SHOCK - RIP 9 RDO V3,8,10,,7,434,8,0
08-803-20-00-20,"2020, FLOAT LIVE, F-S, K iRD, - Evol LV, Niner Bikes, RIP 9 RD",3,3,,0,0,3,
08-803-20-01-20,"2020, FOX FLOAT , LIVE Valve, - Rear Accelerometer Assy, 1600m",3,3,,0,0,3,
08-803-20-02-20,"2020_19, FOX FLOAT LIVE VALVE - Controller, Config. 1, Orienta",3,3,,0,0,3,
08-803-20-03-20,"2020 , FOX FLOAT LIVE VALVE 20 - 20_19 LIVE MTB Battery, iRD, O",3,3,,0,0,3,
08-804-21-00-20,2021 FOX X2 FACTORY SHOCK - RI - P 9 RDO V3,33,34,,7,20,33,
08-804-22-00-20,2022 FOX FLOAT X FACTORY SHOCK - - RIP 9 RDO V3,463,323,,62,291,463,
08-804-22-00-21,2022 FOX X2 FACTORY SHOCK - RI - P 9 RDO V3,60,60,,0,0,60,
08-805-22-00-20,2022 FOX FLOAT X PERFORMANCE S - HOCK - RIP 9 RDO V3,514,514,,22,33,514,
08-901-21-00-20,2021 FOX FLOAT X2 PERFORMANCE - SHOCK - WFO 9 RDO,199,199,,31,26,199,
08-901-22-00-20,2022 FOX FLOAT X2 PERFORMANCE - SHOCK - WFO 9 RDO,209,209,,0,58,209,
08-902-22-00-20,2022 FOX FLOAT X2 FACTORY SHOC - K - WFO 9 RDO,195,195,,8,14,195,
09-074-20-15-20,WHEELSET - STAN'S CREST S1 27. - 5 CL - 15X100/12X142 - SHIMANO,9,9,,14,15,9,
09-657-19-15-20,DT SWISS XMC 1200 WHEEL SET - - CL - 27.5,6,6,,0,0,6,
09-667-19-00-20,DT SWISS XMC 1200 FRONT WHEEL - - 6B - XD - 27.5,6,6,,0,0,6,
09-667-19-15-21,DT SWISS XMC 1200 12/148 REAR - WHEEL - 6B - XD - 27.5,6,6,,0,0,6,
09-678-21-15-20,DT SWISS X 1900 SPLINE 29 25 1 - 2/148 SRAM REAR WHEEL - CL - 2,214,208,,18,1,214,
09-679-20-00-20,DT SWISS X 1900 SPLINE 29 25 F - RONT WHEEL - CL - 29,141,141,,18,1,141,
09-679-20-15-20,DT SWISS X 1900 SPLINE 29 25 1 - 2/148 REAR WHEEL - CL - 29,31,31,,0,0,31,
09-687-20-00-20,DT SWISS M 1900 SPLINE 27 30 F - RONT WHEEL - CL - 27.5,27,27,,0,4,27,
09-687-20-15-20,DT SWISS M 1900 SPLINE 27 30 1 - 2/148 REAR WHEEL - CL - 27.5,25,25,,0,0,25,
09-688-21-15-20,DT SWISS M 1900 SPLINE 29 30 1 - 2/148 SRAM REAR WHEEL - CL - 2,330,210,,22,20,330,
09-689-20-00-20,DT SWISS M 1900 SPLINE 29 30 F - RONT WHEEL - CL - 29,240,205,,22,19,240,
09-689-20-15-20,DT SWISS M 1900 SPLINE 29 30 1 - 2/148 REAR WHEEL - CL - 29,2,2,,0,0,2,
09-723-17-00-20,NINER CARBON CX WHEEL  FRONT -  DT350 15X100,4,4,,0,0,4,
09-801-16-00-20,WHEEL - FRONT - STAN'S ARCH EX - - BOOST 110MM,1,1,,1,0,1,0
09-801-21-16-20,WHEELS - STAN'S ARCH S1 SET CL - - 110/148 NEO - SRAM XD,83,94,,68,81,83,
09-801-21-17-20,WHEELS - STAN'S ARCH S1 SET CL - - 110/148 NEO - SHIM MS,109,109,,0,0,109,
09-803-20-15-20,WHEELS - STAN'S ARCH CB7 SET - - 15x110MM FRONT/12x148MM REAR,2,2,,0,0,2,
09-803-21-16-20,WHEELS - STAN'S ARCH CB7 SET C - L - 15x110MM FRONT/12x148MM RE,9,9,,1,0,9,0
09-804-20-15-20,WHEELS - STAN'S FLOW CB7 SET 2 - 9 - 15x110MM FRONT/12x148MM RE,2,2,,0,0,2,
09-804-21-16-20,WHEELS - STAN'S FLOW CB7 SET 2 - 9 CL - 15x110MM FRONT/12x148MM,11,11,,0,0,11,
09-806-21-16-20,WHEELS-STANS FLOW CB7 SET 29MS - CL - MS 15X110 FRT/12X148MM,2,2,,0,0,2,
09-811-21-17-20,WHEELS - STAN'S FLOW S1 SET CL - - 110/148 NEO - SHIM MS,192,192,,1,0,192,
09-832-16-00-20,WHEEL - REAR - STAN'S HUGO 52 - - 142MM,1,1,,0,0,1,
09-901-16-00-20,WHEEL - FRONT - NINER ALLOY - - BOOST 110MM,2,2,,4,0,2,0
09-901-17-15-20,WHEELS - NINER ALLOY MTB SET - - 110/148 - SHIMANO,747,764,,54,556,747,
09-901-21-15-20,WHEELS - NINER ALLOY MTB SET - - 110/148 - 30MM - SHIMANO,427,798,,404,2025,427,
09-911-18-15-20,WHEELS - NINER ALLOY CX/GG SET - - 100/142 - CL,145,145,,5,213,145,
09-911-20-15-20,WHEELS - NINER ALLOY CX/GG SET - - 12MM FRONT; 100/142 - CL,755,772,,115,645,755,
10-129-21-15-00,DT SWISS XRC 1200 FRONT WHEEL - - CL - 29,29,29,,1,19,29,
10-159-21-15-00,DT SWISS XRC 1501 FRONT WHEEL - - CL - 29,9,9,,3,10,9,0
10-179-21-15-00,DT SWISS XR 1700 FRONT WHEEL - - CL - 29,34,34,,42,66,34,
10-187-21-12-00,DT SWISS G 1800 FRONT WHEEL - - CL - 700C,131,184,,252,901,131,
10-229-21-15-00,DT SWISS XMC 1200 FRONT WHEEL - - CL - 29,40,40,,10,17,40,
10-257-21-15-00,DT SWISS XMC 1501 FRONT WHEEL - - CL - 27.5,26,26,,1,0,26,
10-259-21-15-00,DT SWISS XMC 1501 FRONT WHEEL - - CL - 29,22,22,,27,45,22,0
10-279-21-15-00,DT SWISS XM 1700 FRONT WHEEL - - CL - 29,97,164,,63,331,97,
10-329-21-15-00,DT SWISS EXC 1200 FRONT WHEEL - - CL - 29,32,32,,0,1,32,
10-359-21-15-00,DT SWISS EXC 1501 FRONT WHEEL - - CL - 29,9,9,,2,0,9,
10-379-21-15-00,DT SWISS EX 1700 FRONT WHEEL - - CL - 29,78,76,,10,11,78,
10-666-21-15-20,DT SWISS E 1900 SPLINE 29 30 F - RONT WHEEL - CL - 29,78,78,,20,34,78,
11-129-21-15-00,DT SWISS XRC 1200 REAR WHEEL - - CL - 29,29,30,,1,19,29,
11-159-21-15-00,DT SWISS XRC 1501 REAR WHEEL - - CL - 29,10,5,,4,10,10,
11-179-21-15-00,DT SWISS XR 1700 REAR WHEEL - - CL - 29,11,11,,42,66,11,
11-187-21-12-00,DT SWISS G 1800 REAR WHEEL - C - L - 700C,129,129,,252,820,129,
11-189-21-15-00,DT SWISS XR 1700 REAR WHEEL - - CL - 29 SRAM XD,5,5,,0,0,5,
11-229-21-15-00,DT SWISS XMC 1200 REAR WHEEL - - CL - 29,24,24,,10,17,24,
11-257-21-15-00,DT SWISS XMC 1501 REAR WHEEL - - CL - 27.5,9,9,,1,0,9,
11-259-21-15-00,DT SWISS XMC 1501 REAR WHEEL - - CL - 29,6,6,,27,45,6,
11-279-21-15-00,DT SWISS XM 1700 REAR WHEEL - - CL - 29,93,88,,63,331,93,
11-329-21-15-00,DT SWISS EXC 1200 REAR WHEEL - - CL - 29,31,31,,0,1,31,
11-359-21-15-00,DT SWISS EXC 1501 REAR WHEEL - - CL - 29,9,9,,2,0,9,
11-379-21-15-00,DT SWISS EX 1700 REAR WHEEL - - CL - 29,116,118,,10,11,116,
11-659-21-12-00,DT SWISS XMC 1200 REAR WHEEL - - ASL12 - CL - 29,9,9,,0,0,9,0
11-666-21-12-20,DT SWISS E 1900 SPLINE 29 30 1 - 2/148 SRAM REAR WHEEL - CL - 2,72,72,,20,34,72,
12-101-10-00-20,STAN'S QR FRONT HUB REDUCER 20 - MM TO QR,90,90,,0,0,90,
12-101-21-15-00,DT SWISS 15MM TA END CAPS - ,86,86,,9,2,86,
12-102-10-00-20,STAN'S 15MM FRONT HUB REDUCER - 20MM TO 15MM,80,80,,0,0,80,
12-103-11-00-20,STAN'S 15MM FRONT HUB ADAPTOR - QR TO 15MM,8,8,,0,0,8,
12-108-17-00-20,"KIT, NEO, FREEHUB, 6-PAWL, SRA - M XD (RED)",53,53,,0,0,53,
12-109-20-00-20,"KIT, NEO, FREEHUB, SPEEDSYNC, - SHIMANO (SILVER)  (FOR 2020 GR",17,17,,0,0,17,
12-201-10-00-20,STANS QR FRONT SKEWER - ,33,33,,0,0,33,
12-300-16-48-20,MAXLE ULTIMATE - REAR - 12X148 - MM - 00.4318.009.003,3,3,,0,0,3,
12-303-14-00-20,SINGLE SPEED NUT - SIR 9 / ROS - 9 - 12X142MM,40,40,,0,2,40,
12-305-17-00-20,SINGLE SPEED NUT - 12MM CARBON - FRAMES,203,203,,0,0,203,
12-703-14-13-20,QR END CAPS FOR CARBON MTB WHE - EL - SHIMANO FREEHUB,8,8,,0,0,8,
12-705-14-13-20,QR END CAPS FOR CARBON MTB WHE - EL - SRAM FREEHUB,8,8,,0,0,8,
12-705-20-00-20,15mm - End Cap - Black - CL-71 - CAPS,235,235,,0,3,235,
12-706-20-12-20,12mm End Caps - Stan's Grail S - 1 - Set,101,101,,0,0,101,
12-707-14-14-20,142 END CAPS FOR CARBON MTB WH - EEL - SHIMANO FREEHUB,2,2,,0,0,2,
12-709-14-14-20,142 END CAPS FOR CARBON MTB WH - EEL - SRAM FREEHUB,19,19,,0,0,19,
12-713-14-14-00,SHIMANO FREEHUB FOR CARBON MTB - REAR WHEEL,37,37,,0,0,37,
12-715-14-14-00,SRAM FREEHUB FOR CARBON MTB RE - AR WEEL,6,6,,0,0,6,
12-719-14-13-20,DRIVE SIDE QR END CAP FOR CARB - ON CX REAR WHEEL,7,7,,0,0,7,
12-719-16-28-20,"REPLACEMENT 30/24MM CARBON XC - RIM, 28H, (FRONT OR REAR)",138,138,,0,0,138,
12-842-16-00-20,WHEEL END CAPS/QR CONVERSION - - GRAIL COMP - 135MM QR,61,61,,0,0,61,
12-901-14-10-20,"QR END CAPS FOR ALLOY AND CARB - ON, FRONT WHEELS (MTB & CX)",3,3,,0,0,3,
12-901-14-15-20,15MM END CAP FOR ALLOY AND CAR - BON FRONT WHEELS (MTB & CX) -,22,22,,0,0,22,
12-903-14-13-20,QR END CAPS FOR ALLOY MTB REAR - WHEELS - SHIMANO FREEHUB,13,13,,0,0,13,
12-905-14-14-20,142 END CAPS FOR ALLOY MTB REA - R WHEELS - SRAM FREEHUB,13,13,,0,0,13,
12-907-14-14-10,REAR AXLE FOR ALLOY MTB & CX W - HEELS,6,6,,0,0,6,
12-909-14-10-10,BEARING KIT FOR ALLOY AND CARB - ON FRONT WHEELS (MTB & CX),12,12,,0,0,12,
12-909-14-14-10,BEARING KIT FOR ALLOY MTB & CX - REAR WHEELS,27,27,,0,0,27,
12-913-14-14-00,SHIMANO FREEHUB FOR ALLOY MTB - REAR WHEEL,82,82,,0,0,82,
12-922-14-13-20,QR END CAPS FOR ALLOY CX REAR - WHEELS,7,7,,0,0,7,
12-922-14-14-20,142 END CAPS FOR ALLOY CX REAR - WHEELS,5,5,,0,0,5,
12-924-14-14-00,SHIMANO FREEHUB FOR ALLOY CX R - EAR WHEEL,1,1,,0,0,1,
12-989-21-00-17,DT SWISS SHIM MS FREEHUB BODY - 12/142/48 1700 12SP,1,1,,0,0,1,
12-999-20-00-20,DT SWISS SRAM XD DRIVER / FREE - HUB BODY 12/142/48 12SP,50,50,,0,0,50,
12-999-21-00-17,DT SWISS SRAM XD DRIVER / FREE - HUB BODY 12/142/48 1700 12SP,5,5,,0,0,5,
13-712-14-37-20,"REPLACEMENT SPOKE FOR CARBON M - TB WHEELS - 307MM (F&R, D & ND",39,39,,0,0,39,
13-723-14-13-20,NON DRIVE SIDE QR END CAP FOR - CARBON CX REAR WHEEL,7,7,,0,0,7,
13-727-14-14-10,BEARING KIT FOR CARBON CX REAR - WHEEL,14,14,,0,0,14,
13-729-14-14-00,SHIMANO FREEHUB FOR CARBON CX - REAR WHEEL,10,10,,0,0,10,
13-911-14-26-20,"REPLACEMENT SPOKE FOR ALLOY MT - B WHEEL - 296MM (DISC F, DRIVE",46,46,,0,0,46,
13-914-14-25-20,"REPLACEMENT SPOKE FOR ALLOY CX - WHEELS - 285MM (F&R, D & ND S",95,95,,0,0,95,
14-104-20-50-00,SRAM - SX EAGLE - Cassette - 0 - 0.2418.095.000,1611,1613,,428,2621,1611,
14-114-21-52-20,SRAM - GX EAGLE CASSETTE XG127 - 5 - 10-52T - 12S - 00.2418.103,628,731,,260,1183,628,
14-120-21-00-20,SRAM - RD RIVAL1 LONG CAGE - 0 - 0.7518.106.001,1,1,,85,676,1,
14-122-17-32-10,SRAM - RD RIVAL 22 MAX 11-32CS - ,94,94,,0,0,94,
14-129-21-52-00,SRAM - AXS EAGLE CASSETTE XG12 - 99 - 10-52T - 12S - 00.2418.10,197,197,,9,37,197,
14-129-21-52-10,SRAM - X01 EAGLE CASSETTE XG12 - 95 - 10-52T - 12S - 00.2418.10,161,161,,19,55,161,
14-130-17-32-10,SRAM - PG 1130 11-32T CASSETTE - - 00.2418.048.020,55,55,,0,0,55,
14-130-17-42-10,SRAM - CS PG 1130 11-42 - ,2,2,,210,1568,2,
14-170-20-33-00,SRAM - Force 12sp - Cassette - - 00.2418.085.000,45,45,,0,0,45,
14-170-21-36-00,SRAM - FORCE AXS CASSETTE XG12 - 70 - 10-36T - 12S - 00.2418.10,37,37,,1,7,37,
15-101-09-17-10,COGALICIOUS SS COG 17T - ,8,8,,0,1,8,
15-103-09-19-10,COGALICIOUS SS COG 19T - ,28,28,,0,2,28,
15-104-09-20-10,Cogalicious SS Cog 20t - ,40,40,,2,65,40,0
15-105-09-21-10,COGALICIOUS SS COG 21T - ,72,72,,0,2,72,
15-106-09-22-10,COGALICIOUS SS COG 22T - ,39,39,,0,4,39,0
16-034-21-40-20,TIRE - SCHWALBE G-ONE - ALLROU - ND PERF RACEGUARD,613,623,,510,1677,613,
16-050-17-00-00,STAN'S TIRE SEALANT - 2oz BOTT - LE,4720,4732,,2711,12683,4720,
16-098-16-00-20,"TUBE - MAXXIS 29"" MTB - 48MM - ",203,203,,0,0,203,
16-099-16-00-20,TUBE - MAXXIS 700c CX/GG - 48m - m,14,14,,0,0,14,
16-099-21-32-20,TUBE - 700X28-35C PV 40-60MM - BULK,302,302,,202,784,302,
16-110-16-00-20,TIRE - MAXXIS MINION DHF - 29 - X 2.50 60 TPI 3C/EXO/TR,514,805,,323,683,514,
16-111-19-00-20,TIRE - MAXXIS REKON WT - 29 X - 2.40 60 TPI 3C/EXO/TR,600,836,,440,833,600,
16-112-19-00-20,TIRE - MAXXIS REKON RACE - 29 - X 2.25 3C/EXO/TR,95,40,,117,150,95,
16-114-19-27-20,TIRE - MAXXIS MINION DHF - 27. - 5 X 2.5 - 3C/EXO/TR,9,9,,0,10,9,
16-115-19-27-20,TIRE - MAXXIS AGGRESSOR - 27.5 - X 2.5 WT - EXO/TR,11,11,,0,10,11,
16-219-21-24-20,TIRE - SCHWALBE RACING RAY EVO - SUPER TERRAIN - 29 X 2.35,293,293,,66,756,293,
16-229-21-24-20,TIRE - SCHWALBE RACING RALPH E - VO SUPER TERRAIN - 29 X 2.35,12,12,,66,756,12,0
16-237-21-26-20,TIRE - SCHWALBE NOBBY NIC EVO - SUPER TRAIL - 27.5 X 2.6,196,197,,1,74,196,
16-239-21-24-20,TIRE - SCHWALBE NOBBY NIC EVO - SUPER TRAIL - 29 X 2.35,1207,1208,,190,1590,1207,
16-239-21-26-20,TIRE - SCHWALBE NOBBY NIC EVO - SUPER TRAIL - 29 X 2.6,989,990,,338,2454,989,
16-240-21-24-20,TIRE - SCHWALBE FAT ALBERT FRO - NT SNAKESKIN - 29 X 2.35,8,8,,0,0,8,
16-241-21-24-20,TIRE - SCHWALBE FAT ALBERT REA - R SNAKESKIN - 29 X 2.35,14,14,,0,0,14,
16-247-21-26-20,TIRE - SCHWALBE HANS DAMPF EVO - SUPER TRAIL - 27.5 X 2.6,110,111,,1,74,110,
16-249-21-26-20,TIRE - SCHWALBE HANS DAMPF EVO - SUPER TRAIL - 29 X 2.6,103,144,,220,1008,103,
16-259-21-26-20,TIRE - SCHWALBE MAGIC MARY EVO - SUPER TRAIL - 29 X 2.6,368,423,,64,143,368,
16-269-21-45-20,TIRE - SCHWALBE G-ONE ALLROUND - EVO SUPER TERRAIN - 700 X 45,185,266,,332,2071,185,0
16-277-21-50-20,TIRE - SCHWALBE G-ONE BITE EVO - SUPER TERRAIN - 650 X 50,36,38,,30,2,36,
16-301-21-32-20,KENDA - SLANT SIX WIRE BEAD - W/TUBE 700X32 - BLACK,344,344,,187,781,344,
17-100-15-00-20,"ZH0804 - KIT, NEO, SINGLESPEED - SPACER KIT",10,10,,4,126,10,0
17-101-15-00-20,"ZH0803 - KIT, NEO, SINGLESPEED - LOCKRING",12,12,,4,0,12,0
17-125-17-44-60,"STAN'S TUBELESS TAPE KIT - 2 X - 44MM VALVE, 1 X 25MM 14 YRD T",23,23,,0,0,23,
17-126-18-00-00,TUBELESS KIT - NINER GG/CX CAR - BON WHEELS - TAPE/VALVES,5,5,,0,0,5,
17-240-20-34-00,SHIMANO - GRX400 - Tiagra - Ca - ssette - KCSHG50010134,1,1,,0,0,1,
17-250-20-42-10,SHIMANO - Deore XT - 11 SP - C - assette - KCSM8000142,3,3,,56,113,3,
17-250-22-40-10,SHIMANO - SLX 11-40T - 11 SP - - CASSETTE - KCSM7000140,104,104,,55,132,104,
17-272-19-32-10,SHIMANO - 105 R7000 11-32 CASS - ETTE - KCSR700011132,1,1,,0,0,1,
17-279-21-00-10,SHIMANO - XTR M9100 12SP CASSE - TTE - 10-51 - KCSM9100051A,10,10,,0,0,10,0
17-280-20-12-10,SHIMANO - SLX M7100 - 12sp - C - ASSETTE - KCSM7100051,22,22,,0,0,22,
17-280-20-34-00,SHIMANO - GRX800 - Ultegra - C - assette - KCSHG8001111134,68,107,,198,313,68,
17-281-20-51-00,SHIMANO - CS-M8100 - Cassette - - KCSM8100051,350,351,,94,400,350,
18-101-12-78-28,Flat Top Alloy Handlebar- 780m - m - Moondust Grey,1,1,,3,0,1,0
18-102-16-71-20,Flat Top Carbon Handlebar- 710 - mm - Slate Grey,91,91,,51,46,91,
18-103-13-78-30,FLAT TOP RDO HANDLEBAR - 780MM - - RED,1,1,,0,0,1,
18-103-16-71-20,Flat Top RDO Handlebar - 710mm - - Slate Grey,7,7,,0,0,7,
18-103-16-78-20,Flat Top RDO Handlebar - 780mm - - Slate Grey,210,147,,129,338,210,
18-300-19-35-20,RACE FACE NEXT R CARBON HANDLE - BAR - 35MM - 800MM - 20MM RISE,6,6,,2,0,6,
18-300-21-35-20,RACE FACE NEXT R CARBON HANDLE - BAR - 35MM - 800MM - 35MM RISE,79,79,,114,175,79,
18-301-18-35-20,RACE FACE AEFFECT ALLOY HANDLE - BAR - 35MM - 780MM - 20MM RISE,1433,1435,,557,2999,1433,
18-301-18-42-20,Handlebar: Easton EA50 AX Drop - Bar - 42cm,345,345,,72,481,345,
18-301-18-44-20,Handlebar: Easton EA50 AX Drop - Bar - 44cm,1408,1408,,234,1324,1408,
18-301-18-46-20,Handlebar: Easton EA50 AX Drop - Bar - 46cm,435,440,,192,414,435,
18-601-20-42-20,Handlebar: Easton EC70 AX RB D - rop Bar  42CM,12,12,,0,8,12,
18-601-20-44-20,Handlebar: Easton EC70 AX RB D - rop Bar 44CM,30,30,,0,51,30,
18-601-20-46-20,Handlebar: Easton EC70 AX RB D - rop Bar 46CM,20,20,,1,26,20,
19-100-16-10-20,Niner Alloy Stem - Slate Grey - - 100mm,148,148,,54,210,148,
19-100-16-80-20,Niner Alloy Stem - Slate Grey - - 80mm,433,454,,136,750,433,
19-100-16-90-20,Niner Alloy Stem - Slate Grey - - 90mm,710,710,,87,757,710,
19-200-11-10-50,Niner RDO Stem Tang 31.8 x 6 - - 100mm,1,1,,1,0,1,0
19-200-16-10-20,NINER RDO STEM - SLATE GREY - - 100MM,212,212,,115,86,212,
19-200-16-11-20,NINER RDO STEM - SLATE GREY - - 110MM,11,11,,0,0,11,
19-200-16-80-20,Niner RDO Stem - Slate Grey - - 80mm,780,820,,71,140,780,
19-200-16-90-20,Niner RDO Stem - Slate Grey - - 90mm,578,609,,190,335,578,
19-351-19-40-20,RACE FACE TURBINE R STEM - 35M - M CLAMP - 40MM,1343,1346,,546,845,1343,
20-302-14-00-20,GRIPS - NINER GRRRIPS L/O - BL - ACK,1,1,,0,0,1,
20-303-21-00-20,Grip - Niner Lock On w/ Plasti - c Clamp - Soft Compound - Blac,853,856,,106,779,853,
20-304-21-00-20,Grip - Niner Lock On w/ Alloy - Clamp - Soft Compound - Black,666,666,,45,94,666,
20-305-21-00-20,Grip - Niner Lock On Trail Gri - p w/ Plastic Clamp - Soft Comp,1219,1221,,576,2998,1219,
20-306-18-00-20,Grip - Niner Lock On Trail Gri - p w/ Alloy Clamp - Black,6,6,,0,0,6,
20-306-21-00-20,Grip - Niner Lock On Trail Gri - p w/ Alloy Clamp - Half Flange,752,800,,108,534,752,
20-603-18-00-20,Bar Tape - Niner 2018 Embossed - Logo - Black,1360,1360,,481,2306,1360,
20-672-18-00-20,NINER BAR PLUGS - BLACK/SLATE - - LOCK ON (2 PCS),579,582,,3,2,582,
22-103-10-00-20,"<H016103300E101> ORBIT X ORBIT - X(1-1/8"")  ALLOY CUPS, ACB AL",50,50,,0,0,50,
22-110-12-00-20,NINER HEADSET - IS42/28.6-IS52 - /40,178,178,,0,1,178,
22-111-12-00-20,NINER ZERO STACK TAPERED HEADS - ET - ZS44/28.6/ZS56/40,276,276,,0,10,276,
22-112-12-00-20,NINER ZERO STACK 44MM HEADSET - - ZS44/28.6/EC44/40,77,77,,0,0,77,
22-113-12-00-20,NINER HEADSET - IS42/28.6-IS52 - /40-JET,37,37,,3,0,37,
22-300-17-00-20,NINER HEADSET CROWN RACE - ,65,65,,0,0,65,
22-302-13-00-10,"NINER 1.5"" INTEGRATED CROWN RA - CE + 5MM - J9RDO/J9C - XS & S",71,71,,0,0,71,
22-320-12-10-20,HEADSET SPACER BLACK 10MM (QTY - . 1),13,13,,0,0,13,
22-323-13-05-20,NINER HEADSET SPACER KIT BLACK - - 5PCS X 5MM,1330,1330,,0,0,1330,
22-500-17-15-20,Headset Cup - 15mm Lower - Int - ernal - ZS,50,50,,0,1,50,
23-113-18-00-20,Saddle - Niner 2018 Ti Rail - - Black,670,670,,36,9,670,
23-114-18-00-20,Saddle - Niner 2018 CrMo Rail - - Black,763,764,,28,22,763,
23-115-18-00-20,Saddle - Niner Trail 2018 Ti R - ail - Black,327,327,,2,0,327,
23-116-18-00-20,Saddle - Niner Trail 2018 CrMo - Rail - Black,57,57,,14,13,57,0
23-117-21-00-20,SADDLE - SELLE ITALIA X3 BOOST - - TR,703,706,,651,3519,703,
23-118-21-00-20,SADDLE - SELLE ITALIA X3 - XCG - RV,2,-12,,628,3162,2,0
23-500-18-00-00,Niner 2018 Front Ranger Mudgua - rd,1238,1241,,399,2637,1238,
24-100-16-27-20,Niner Alloy Seatpost - Slate G - rey - 27.2mm,277,277,,158,1100,277,
24-100-16-30-20,Niner Alloy Seatpost - Slate G - rey - 30.9mm,210,210,,291,849,210,
24-521-20-30-20,KS LEV SI SEATPOST - 30.9MM - - 345 x 100MM,3,3,,0,0,3,
24-522-20-30-20,KS LEV SI SEATPOST - 30.9MM - - 395 X 125MM,21,21,,0,0,21,
24-524-20-27-20,KS LEV SI SEATPOST - 27.2MM - - 415 x 100,53,53,,9,55,53,
24-524-20-30-20,KS LEV SI SEATPOST - 30.9MM - - 495 X 175MM,12,12,,0,0,12,
24-531-21-30-20,KS LEV SI SEATPOST (CLAMP+EV) - - 30.9MM - 345 x 100MM,33,33,,13,7,33,
24-532-21-30-20,KS LEV SI SEATPOST (CLAMP+EV) - - 30.9MM - 395 X 125MM,448,449,,54,466,448,
24-533-21-30-20,KS LEV SI SEATPOST (CLAMP+EV) - - 30.9MM - 445 X 150MM,1907,1949,,174,884,1907,
24-534-21-30-20,KS LEV SI SEATPOST (CLAMP+EV) - - 30.9MM - 495 X 175MM,771,874,,215,1288,771,
24-591-19-30-20,SDG Tellis Dropper Seat Post - - 30.9 x 150mm,10,10,,0,0,10,
24-600-16-27-20,Niner Carbon Seatpost - Slate - Grey - 27.2mm,412,358,,96,453,412,
24-600-16-30-20,Niner Carbon Seatpost - Slate - Grey - 30.9mm,149,176,,44,67,149,
24-600-16-31-20,Niner Carbon Seatpost - Slate - Grey - 31.6mm,2,4,,2,3,4,2
24-700-16-27-20,Niner RDO Seatpost - Slate Gre - y - 27.2mm,744,707,,358,578,744,
24-700-16-30-20,Niner RDO Seatpost - Slate Gre - y - 30.9mm,421,421,,22,21,421,
24-800-16-27-20,Niner RDO Setback Seatpost - S - late Grey - 27.2,37,37,,0,0,37,
24-800-16-31-20,Niner RDO Setback Seatpost - S - late Grey - 31.6,2,2,,0,0,2,
24-999-00-31-00,DI2 SEATPOST BATTERY MOUNT 31. - 6MM - INTERNAL,78,78,,0,0,78,
25-110-11-34-20,NINER SEAT COLLAR 34.9 BLACK - ,180,180,,0,0,180,
25-110-16-31-20,NINER SEAT COLLAR 31.8 BLACK - ,134,134,,0,1,134,
25-120-11-29-20,NINER SEAT COLLAR - ,38,38,,40,2,38,0
25-120-11-29-80,NINER SEAT COLLAR 29.6 BLUE - ,199,201,,2,2,201,
26-122-20-02-20,SRAM - RIVAL 22 - FD - Braze O - n - 00.7618.057.000,99,99,,0,0,99,
26-127-20-02-20,SRAM - Force E-Tap - Front Der - ailleur - 00.7618.162.000,45,45,,0,0,45,
26-269-18-34-10,SHIMANO - TIAGRA 4700 FRONT DE - RAILLEUR 34.9 - KFD4700BL,8,8,,0,0,8,
26-270-18-34-10,SHIMANO - ULTEGRA 8000 FRONT D - ERAILLEUR 34.9 - KFD8000BL,8,8,,0,0,8,
26-270-20-11-10,SHIMANO - R8000 - Ultegra - Fr - ont Derailleur - KFDR8000F,138,138,,190,313,138,
26-400-20-02-20,SHIMANO - GRX400 - Tiagra - Fr - ont Derailleur - KFD4700F,42,42,,0,0,42,
27-017-21-12-20,SRAM - FORCE E-TAP - REAR DERA - ILLEUR - 00.7518.134.000,37,37,,1,7,37,
27-110-20-12-20,SRAM - X01 AXS ETAP - Rear Der - ailleur - 00.7518.118.000,176,176,,9,6,176,
27-112-17-12-20,SRAM - X01 EAGLE REAR DERAILLE - UR - 12S - BLACK,102,102,,0,0,102,
27-112-21-12-20,SRAM - X01 EAGLE REAR DERAILLE - UR - 12S - BLACK (For 10-52T),27,27,,27,55,27,
27-114-21-12-20,SRAM - GX EAGLE REAR DERAILLEU - R - 12S - LUNAR,439,442,,249,1143,439,
27-116-19-11-20,SRAM - NX EAGLE REAR DERAILLEU - R - 12S - BLACK,219,219,,0,0,219,
27-117-20-12-20,SRAM - SX EAGLE - Rear Deraill - eur - 00.7518.122.000,455,457,,443,1900,455,
27-117-21-12-20,SRAM - SX EAGLE - Rear Deraill - eur - 00.7518.154.000,206,206,,6,626,206,
27-127-20-12-20,SRAM - Force E-Tap - Rear Dera - illeur - 00.7518.116.000,45,45,,0,0,45,
27-269-18-00-10,SHIMANO - TIAGRA 4700 REAR DER - AILLEUR GS - KRD4700GS,8,8,,0,0,8,
27-271-19-00-10,SHIMANO - ULTEGRA RX8000 REAR - DERAILLEUR SHADOW PLUS- KRDRX8,3,3,,0,0,3,
27-279-19-00-20,SHIMANO - XTR M9100 SGS REAR D - ERAILLEUR - KRDM9100SGS,10,10,,0,0,10,0
27-280-20-12-20,SHIMANO - XT M8100 - 12sp - RE - AR DERAILLEUR - KRDM8100SGS,319,320,,89,400,319,
27-400-20-12-20,SHIMANO - GRX400 - Tiagra - Re - ar Derailleur - KRDRX400,1,1,,0,0,1,
27-810-20-12-20,SHIMANO - GRX800 - Ultegra - R - ear Derailleur - KRDRX810,50,50,,191,313,50,0
27-811-20-11-10,SHIMANO - GRX800 - Rear Derail - leur - KRDRX812,15,15,,104,251,15,
28-001-09-00-20,DERAILLEUR HANGER - EMD 9/AIR - 9/JET 9/ONE 9 QR- 7075 T-6 - B,114,114,,0,4,114,
28-002-09-00-20,Derailleur Hanger - SIR 9 / MC - R 9 QR,111,116,,5,2,111,
28-006-09-00-20,"MAXLE KIT 12MM, 7075, BLACK 13 - 5X12",2,2,,0,0,2,
28-008-09-00-29,"7075, PEWTER, (2006-2008 MODEL - S)",1,1,,0,0,1,
28-009-10-00-20,Derailleur Hanger - AIR/JET Ca - rbon & RDO x135 QR - Black,245,245,,0,7,245,0
28-010-10-00-20,SINGLE SPEED INSERT - AIR 9 CA - RBON- 7075 T-6 - BLACK,12,12,,0,0,12,
28-011-12-00-20,DERAILLEUR HANGER - SIR 9/ROS - 9/RLT 9 STEEL SHIMANO DM 12 X,87,89,,2,0,89,2
28-012-12-00-20,DERAILLEUR HANGER - SIR 9/ROS - 9/RLT 9 STEEL 12 X 142 THRU AX,204,276,,72,19,207,
28-014-14-00-20,"DERAILLEUR HANGER - RIP/JET/ON - E/RKT RDO, RIP/JET 12X142/148",448,448,,0,4,448,
28-015-11-00-20,Derailleur Hanger Kit - RIP/WF - O V2 142mm (Hangers only),175,175,,0,0,175,
28-017-15-00-20,DERAILLEUR HANGER - CX +1MM - - BLACK,397,396,,0,2,397,
29-030-19-73-20,RACE FACE - PF30 Bottom Bracke - t - OBB19PF307330,366,346,,35,95,366,
29-035-21-32-20,"SHIMANO - SM-CRM70, CHAINWHEEL - , 32T - ISMCRM70A2",4,4,,1,63,4,0
29-050-14-32-10,"CHAINRING, RINGALICIOUS SS 32T - SILVER",4,4,,0,0,4,
29-050-14-32-20,"CHAINRING, RINGALICIOUS SS 32T - BLACK",1,1,,0,0,1,
29-100-19-70-20,RACE FACE - NEXT R CRANK - DM - 32T - 170MM - OCK19NXR136DM32S,379,380,,26,66,379,
29-100-19-75-20,RACE FACE - NEXT R CRANK - DM - 32T - 175MM - OCK19NXR136DM32S,404,467,,72,343,404,
29-114-20-70-20,SRAM - X1 1000 EAGLE - DUB CRA - NK - 170mm - 00.6118.551.017,196,245,,175,635,196,
29-114-20-75-20,SRAM - X1 1000 EAGLE - DUB CRA - NK - 175mm - 00.6118.551.016,1226,1256,,202,2007,1226,
29-125-17-70-20,SRAM - DESCENDANT CARBON EAGLE - CRANK - B148 - GXP - 34T - 17,9,9,,0,0,9,
29-126-19-70-20,SRAM - X1 CARBON EAGLE CRANK - - B148 - DUB - 32T - 170MM,117,117,,7,11,117,
29-126-19-75-20,SRAM - X1 CARBON EAGLE CRANK - - B148 - DUB - 32T - 175MM,148,148,,33,81,148,
29-127-18-70-20,SRAM - DESCENDANT CARBON EAGLE - CRANK - B148 - GXP - 32T - 17,1,1,,0,0,1,
29-128-18-75-21,SRAM - STYLO 7K EAGLE CRANK - - B148 - PF30 - 34T - 175MM,3,3,,0,0,3,
29-129-19-70-20,SRAM - DESCENDANT 7K EAGLE CRA - NK - B148 - DUB - 32T - 170MM,326,299,,66,263,326,
29-129-19-75-20,SRAM - DESCENDANT 7K EAGLE CRA - NK - B148 - DUB - 32T - 175MM,484,486,,192,948,484,
29-134-18-70-20,SRAM - RIVAL CRANK - PF30 - 50 - /34 - 170MM,20,20,,0,0,20,
29-134-18-72-20,SRAM - RIVAL CRANK - PF30 - 50 - /34 - 172.5MM,99,99,,0,0,99,
29-134-18-75-20,SRAM - RIVAL CRANK - PF30 - 50 - /34 - 175MM,8,8,,0,0,8,
29-134-20-70-20,SRAM - Force D1 Dub - CRANK - - 170mm - 00.6118.515.002,9,9,,0,0,9,
29-134-20-72-20,SRAM - Force D1 Dub - CRANK - - 172.5mm - 00.6118.515.003,30,30,,0,0,30,
29-134-20-75-20,SRAM - Force D1 Dub - CRANK - - 175mm - 00.6118.515.004,10,10,,0,0,10,
29-135-21-70-20,SRAM - APEX 1 CRANK - PF30 - 4 - 0T - 170MM,122,122,,21,221,122,
29-135-21-72-20,SRAM - S350 / APEX 1 CRANK - P - F30 - 42T - 172.5MM,656,651,,41,516,656,
29-135-21-75-20,SRAM - APEX 1 CRANK - PF30 - 4 - 0T - 175MM,202,202,,55,155,202,
29-190-20-70-20,EASTON - EA90 - CRANK - 170mm - - 8023116,5,5,,0,0,5,
29-190-20-72-20,EASTON - EA90 - CRANK - 172.5m - m - 8023117,20,20,,0,0,20,
29-190-20-75-20,EASTON - EA90 - CRANK - 175mm - - 8023118,10,10,,0,0,10,
29-191-20-72-20,EASTON - EA90 - 1X CRANK - 172 - .5mm - 8023126,66,66,,0,0,66,
29-191-20-75-20,EASTON - EA90 - 1X CRANK - 175 - mm - 8023127,36,36,,0,0,36,
29-200-20-70-20,RACE FACE - TURBINE CRANK - DM - 32T - 170MM - OCK19TUR136DM32,25,25,,0,0,25,
29-200-20-75-20,RACE FACE - TURBINE CRANK - DM - 32T - 175MM - OCK19TUR136DM32,180,180,,0,0,180,
29-202-17-24-20,RACE FACE - BSA  BB FOR 30MM C - RANK - OBB19BSA7330,766,767,,62,314,766,
29-234-21-70-20,SRAM - FORCE D1 DUB - CRANK - - 38T - 170MM - 00.6118.516.065,5,5,,0,0,5,
29-234-21-72-20,SRAM - FORCE D1 DUB - CRANK - - 38T - 172.5MM - 00.6118.516.06,30,30,,0,1,30,
29-234-21-75-20,SRAM - FORCE D1 DUB - CRANK - - 38T - 175MM - 00.6118.516.067,9,9,,1,6,9,
29-269-18-70-10,SHIMANO - R8000 ULTEGRA CRANK - - 50/34T - 170MM - KFCR8000CX0,3,3,,0,0,3,
29-269-18-72-10,SHIMANO - R8000 ULTEGRA CRANK - - 50/34T - 172.5MM - KFCR8000D,1,1,,0,0,1,
29-271-19-75-20,SHIMANO - RS400 CRANK - 50/34T - - 175MM - W/O BB,9,9,,0,0,9,
29-272-19-75-10,SHIMANO - R7000 105 CRANK - 50 - /34T - 175MM - KFCR7000EX04L,4,4,,0,0,4,
29-273-21-70-10,SHIMANO - SLX M7000 CRANK ONLY - 170MM (SS),2,2,,0,13,2,0
29-273-21-75-10,SHIMANO - SLX M7000 CRANK ONLY - 175MM (SS),1,1,,1,50,1,
29-279-19-00-20,SHIMANO - CHAIN DEVICE SM-CD80 - 0 - ISCG05 - KSMCD800I,9,9,,0,0,9,0
29-279-19-70-20,SHIMANO - XTR M9120 CRANK - 32 - T - 170MM - KFCM91201CXA2,2,2,,0,0,2,
29-279-19-75-20,SHIMANO - XTR M9120 CRANK - 32 - T - 175MM - KFCM91201EXA2,7,7,,0,0,7,0
29-291-21-70-20,EASTON - EA90 - 1X CRANK - 170 - - 40,164,164,,25,254,164,
29-291-21-72-20,EASTON - EA90 - 1X CRANK - 172 - .5 - 40,482,481,,27,467,482,
29-291-21-75-20,EASTON - EA90 - 1X CRANK - 175 - - 40,133,134,,40,250,133,
29-391-21-70-20,EASTON - EC90 - 1X CRANK - 170 - - 40,124,124,,17,42,124,
29-391-21-72-20,EASTON - EC90 - 1X CRANK - 172 - .5 - 40,352,352,,57,166,352,
29-391-21-75-20,EASTON - EC90 - 1X CRANK - 175 - - 40,99,100,,23,43,99,
29-392-21-70-20,EASTON - EC90 - 2X CRANK - 170 - - 47/32,88,98,,31,72,88,
29-392-21-72-20,EASTON - EC90 - 2X CRANK - 172 - .5 - 47/32,369,399,,97,180,369,
29-392-21-75-20,EASTON - EC90 - 2X CRANK - 175 - - 47/32,192,195,,55,61,192,
30-125-17-25-20,SRAM - GXP SPACER KIT AL - ,208,208,,0,0,208,
30-130-20-00-00,EASTON - PF30 - Bottom Bracket - - 8022578,2193,2294,,380,1239,2193,
30-130-20-73-10,PRESTINE - PF30 adapter for SR - AM 30mm w/ middle threaded,1474,1469,,116,892,1474,
30-131-19-24-00,SRAM - BB DUB - BSA 73 - ,2512,2695,,353,2244,2512,
30-131-19-30-00,SRAM - BB DUB - PF30 73 - ,880,883,,367,1706,880,
30-132-20-30-00,SRAM - BB DUB PF30 ROAD68 - ,78,78,,1,7,78,
31-001-20-42-20,BOSCH CHAIN GUIDE - 26-42T - ,91,91,,0,0,91,
31-111-20-12-99,SRAM - XX1 EAGLE - 126 LINK - - CHAIN - RAINBOW,86,86,,9,37,86,
31-112-17-12-10,SRAM - X01 EAGLE CHAIN - 12S - ,85,85,,20,21,85,
31-113-18-12-00,SRAM - GX EAGLE CHAIN - 12S - ,274,385,,255,1187,274,
31-130-17-11-10,SRAM - CN PC1130 114LI W/ PWR. - LCK 11S 1PCS,1332,1332,,199,1201,1332,
31-141-20-12-10,SRAM - Force D1 - Chain - 00.2 - 518.038.000,81,81,,1,7,81,
31-267-18-10-10,SHIMANO - XT HG54 CHAIN - 10SP - - ICNHG54116I,9,9,,0,0,9,
31-272-19-11-10,SHIMANO - HG601 CHAIN - 11SP - - ICNHG60111116Q,47,47,,285,564,47,0
31-280-20-12-10,SHIMANO - M7100 CHAIN - 12SP - - ICNM7100126Q,36,36,,0,0,36,
31-282-20-12-10,SHIMANO - M8100 - Chain - ICNM - 8100126Q,455,408,,92,400,455,
32-100-17-00-20,SRAM - MMX CLAMP BLK RIGHT STE - EL BLK BOLT,624,627,,261,1275,624,
32-101-17-00-20,SRAM - HINGE CLAMP BLK STEEL B - LK BOLT,2104,2231,,321,1455,2104,
32-110-20-12-20,SRAM - X01 AXS ETAP - Shifter - - 00.3018.223.001,212,212,,11,37,212,
32-112-17-12-20,SRAM - X01 EAGLE SHIFTER - 12S - - BLACK,135,135,,29,55,135,
32-117-20-12-20,SRAM - SX EAGLE - Shifter - 00 - .7018.385.000,2689,2883,,421,2621,2689,
32-279-19-00-20,SHIMANO - XTR M9100 SHIFTER - - RIGHT - KSLM9100IRA,2,2,,0,0,2,0
32-279-19-01-20,SHIMANO - XTR M800 SEATPOST LE - VER - LEFT - KSLMT800ILAL,15,15,,0,0,15,0
32-280-20-12-20,SHIMANO - XT M8100 - 12sp - SH - IFT LEVER - KSLM8100IRA,371,344,,92,400,371,
33-001-00-00-00,Avid Compression Olives x2 / B - arb Fittings x2,443,443,,3,0,443,
33-002-20-00-00,Jagwire - Stealth-a-majig - Ba - rb/Olive - FSK02-SRAM SJ,7377,7382,,921,5641,7377,
33-003-22-00-00,SRAM - DB G2 R DFBA FRT 20P 95 - 0,754,757,,258,1232,754,
33-004-21-00-00,SRAM - DB CDER SIN DFB  FRT 20 - P 950,150,150,,20,41,150,
33-005-21-00-00,SRAM - DB CDERSC SIN SJ BKA RB - O  RER 20P 1750,217,217,,2,1,217,
33-006-21-00-00,SRAM - DB CDER SIN SJ DFB  RER - 20P 1750,148,148,,20,41,148,
33-007-22-00-00,SRAM - DB G2 R SJ DFBA RER DIR - 1750,645,448,,236,212,645,
33-008-21-00-00,SRAM - OE DB MNT BRKT 20MM POS - T BLKP QTY10,360,360,,0,0,360,
33-008-21-00-20,AVID/ SRAM 20MM POST MOUNT DIS - C BRAKE ADAPTOR KIT,14,14,,0,0,14,
33-009-21-00-00,SRAM - DB CDERSC SIN BKA RBO - FRT 20P 950,217,217,,2,1,217,
33-010-22-00-00,SRAM - DB G2 R SJ DFBA RER 20P - 1750,27,20,,33,995,27,
33-050-17-00-00,SRAM - BRKT MOUNTING BOLTS SS - T25 37MM (FLAT),1073,1073,,349,3008,1073,
33-051-18-00-00,SRAM - FOX 36 BRAKE MOUNTING B - OLT (EACH),81,81,,0,0,81,
33-108-21-00-00,SRAM - OE DB MNT BRKT 20MM POS - T - EACH,3430,3614,,318,1295,3430,
33-109-20-17-20,SRAM - Guide 2 ULTIMATE - Rear - Brake TR - 92.5020.415.270,2,2,,0,0,2,
33-110-20-10-20,SRAM - Guide 2 ULTIMATE - Fron - t Brake - 92.5020.407.070,109,109,,9,6,109,
33-110-20-17-20,SRAM - Guide 2 ULTIMATE - Rear - Brake XC - 92.5020.417.270,141,141,,9,6,141,
33-110-21-95-20,SRAM - BRAKE SET - F - 92.5020 - .537.110 16,36,36,,0,0,36,
33-112-17-10-20,SRAM - GUIDE RSC DISC BRAKE - - FRONT,8,8,,0,0,8,
33-112-17-18-20,SRAM - GUIDE RSC DISC BRAKE - - REAR,8,8,,0,0,8,
33-112-20-10-20,SRAM - Guide 2 RSC - MY20 - Fr - ont Brake - 92.5020.339.110,107,107,,17,21,107,
33-112-20-17-20,SRAM - Guide 2 RSC - MY20 - Re - ar Brake - 92.5020.349.270,8,8,,27,21,8,
33-112-22-17-20,SRAM R BRAKE - 1750 - G2 RSC S - J DFBA,100,100,,0,34,100,
33-113-17-10-20,SRAM - APEX HRD BRAKE - FLAT M - OUNT -  FRONT/LEFT 1000,731,726,,121,847,731,
33-113-17-18-20,SRAM - APEX HRD BRAKE - FLAT M - OUNT -  RIGHT/REAR 1700 [160MM,782,782,,113,892,782,
33-113-21-10-20,SRAM - APEX HRD BRAKE - POST M - OUNT - FRONT/LEFT 1000 - 00.50,104,104,,0,40,104,
33-115-18-17-20,SRAM - DB LEVEL DISC BRAKE - R - EAR,1031,1214,,390,2532,1031,
33-115-18-95-20,SRAM - DB LEVEL DISC BRAKE - F - RONT,1027,1029,,391,2532,1027,
33-117-20-10-20,SRAM - Force E-Tap - Front Cal - iper MCR,13,13,,0,1,13,
33-118-20-10-20,SRAM - FORCE E-TAP - HYDLINE M - ONOBLOCK BRAKE HOSE MCR,13,13,,0,1,13,
33-119-19-10-20,SRAM - RIVAL HRD BRAKE ONLY - - FLAT MOUNT - LEFT/FRONT 1000,638,638,,91,674,638,
33-119-20-10-20,Avid/SRAM Disc Bracket Bolts f - or Mounting Caliper to Bracket,16,16,,0,0,16,
33-121-17-17-20,SRAM - RIVAL HRD BRAKE - FLAT - MOUNT - REAR/RIGHT 1700,799,799,,66,675,799,
33-121-20-10-20,SRAM - RIVAL 22 HRD - Front Br - ake - 00.7018.127.011,99,99,,0,0,99,
33-122-17-20-10,SRAM - ASSY DB ROTOR/BOLTS G2C - S 180,4257,4501,,492,3685,4257,
33-122-17-80-10,SRAM - ASSY DB ROTOR/BOLTS G2C - S 160,1097,1217,,287,1382,1097,
33-123-21-20-00,SRAM - DB ROTOR/BOLTS CENTERLI - NE 200  - 00.50181.111.003,826,826,,63,180,826,
33-124-20-10-20,SRAM - Force E-Tap - Front Bra - ke - 00.7018.359.005,82,82,,1,85,82,
33-124-20-17-20,SRAM - Force E-Tap - Rear Brak - e - 00.7018.357.005,82,82,,1,85,82,
33-125-19-60-00,SRAM - DB ROTOR/BOLTS CENTERLI - NE 160 ROUNDED,24,24,,0,0,24,
33-126-20-60-00,SRAM - DB ROTOR/BOLTS CLX 160 - BLK ROUNDED,8,8,,0,0,8,
33-126-20-80-00,SRAM - DB ROTOR/BOLTS CLX 180 - BLK ROUNDED,14,14,,0,0,14,
33-127-20-60-00,SRAM - DB ROTOR CENTERLOCK CNT - RLN 160MM ROUNDED,4850,5081,,421,3612,4850,
33-127-21-20-20,SRAM - DB ROTOR CENTERLOCK CNT - RLN 200MM ROUNDED - 00.5018.11,658,658,,43,83,658,
33-127-21-80-20,SRAM - DB ROTOR CENTERLOCK CNT - RLN 180MM ROUNDED - 00.5018.11,1669,1718,,437,2104,1669,
33-128-20-60-00,SRAM - DB ROTOR CLX R CNTRLOCK - 160 BLK ROUNDED,80,80,,0,0,80,
33-128-21-60-00,SRAM - DB ROTOR CLX CENTERLOCK - 160 BLK ROUNDED - 00.5018.112,98,98,,0,0,98,
33-128-21-80-00,SRAM - DB ROTOR CLX CENTERLOCK - 180 BLK ROUNDED - 00.5018.112,198,198,,16,10,198,
33-132-21-60-00,SRAM - DB ROTOR CENTERLOCK PAC - ELINE 160 ROUNDED - 00.5018.15,212,212,,2,170,212,
33-133-22-20-20,SRAM ROTOR - 200MM - ROTOR CEN - TERLOCK HS2 ROUNDED,80,80,,0,2,80,
33-133-22-60-20,SRAM ROTOR - 160MM - ROTOR CEN - TERLOCK HS2 ROUNDED,39,39,,1,18,39,
33-133-22-80-20,SRAM ROTOR - 180MM - ROTOR CEN - TERLOCK HS2 ROUNDED,119,120,,1,44,119,
33-140-22-16-00,SHIMANO - KSMMAR160DDB ROAD BR - AKE ADAPTER - 160MM,454,454,,151,260,454,
33-201-20-80-20,SHIMANO - SM-MA90-F180P/P - BR - AKE MOUNT ADAPTER - KSMMA90F18,1151,1125,,108,551,1151,
33-204-21-00-20,SHIMANO - SM-MA90-F203P/PM - B - RAKE MOUNT ADAPTER - KSMMA90F2,102,104,,20,22,102,
33-221-21-10-20,SRAM - RIVAL HRD BRAKE - DIR - - FRONT/LEFT 1000 - 00.5018.041,31,31,,0,1,31,
33-267-18-60-10,SHIMANO - RT54 160MM ROTOR - C - L,21,21,,0,0,21,
33-268-18-40-15,SHIMANO - SM-RT800 - ROTOR 160 - mm W/LR CL - KSMRT800S,9,9,,0,0,9,
33-268-20-60-10,SHIMANO - SM-RT800 - Rotor 160 - mm CL - KSMRT800SX,457,457,,455,529,457,
33-278-19-10-20,SHIMANO - XTR M9120 TR BRAKE - - LEFT - KM9120KLFPNA100,8,8,,0,0,8,0
33-278-21-17-20,SHIMANO - XTR M9120 TR BRAKE - - RIGHT - KM9120KRRXNA170,10,10,,0,0,10,0
33-279-19-80-10,SHIMANO - MT900 180MM ROTOR - - CL - KRTMT900MX,19,19,,0,0,19,0
33-280-20-10-20,SHIMANO - M8100 - FRONT BRAKE - - KM8100KLFPNA100,187,187,,36,152,187,
33-280-20-17-20,SHIMANO -XT  M8100 - REAR BRAK - E - KM8100KRRXNA170,9,9,,0,0,9,
33-280-20-80-10,SHIMANO - RT81 180MM ROTOR CL - - KSMRT81MX,6,6,,0,0,6,
33-280-21-17-20,SHIMANO -XT M8100 - REAR BRAKE - - KM8100JRRXNX170,263,267,,35,152,263,
33-281-17-60-10,SHIMANO - RT81 160MM ROTOR - C - ENTERLOCK,17,17,,0,0,17,
33-281-20-10-20,SHIMANO - M8120 - FRONT BRAKE - - KM8120KLFXNA100,159,160,,49,311,159,
33-282-21-17-20,SHIMANO -XT M8120 - REAR BRAKE - J-KIT - KM8120JRRXNX170,134,166,,49,311,134,
33-286-17-60-10,SHIMANO - RT86 160MM ROTOR - 6 - BOLT,4,4,,1,63,4,0
33-286-17-80-10,SHIMANO - RT86 180MM ROTOR - 6 - BOLT,3,3,,1,63,3,0
33-287-20-00-20,SHIMANO - GRX800 - Ultegra - P - M Caliper - IBRM7100MPMF,110,111,,9,2,110,
33-287-20-17-20,SHIMANO - GRX800 - Ultegra - R - ear Brake - KRX8102DRRENX170,125,125,,297,564,125,
33-289-18-10-20,SHIMANO - TIAGRA 405 BRAKE - F - LAT MOUNT - LEFT,7,7,,0,0,7,
33-289-18-17-20,SHIMANO - TIAGRA 405 BRAKE - F - LAT MOUNT - RIGHT,8,8,,0,0,8,
33-289-20-00-20,SHIMANO - GRX400 - Tiagra - PM - Caliper - IBRM7100MPRX,59,59,,0,0,59,
33-289-20-10-20,SHIMANO - GRX400 - Tiagra - Fr - ont Brake - KRX400DLF6SX100,1,1,,0,0,1,
33-289-20-17-20,SHIMANO - GRX400 - Tiagra - Re - ar Brake - KRX400DRRESX170,1,1,,0,0,1,
33-290-18-10-20,SHIMANO - ULTEGRA 8020 BRAKE - - FLAT MOUNT - LEFT,3,3,,0,0,3,
33-290-18-17-20,SHIMANO - ULTEGRA 8020 BRAKE - - FLAT MOUNT - RIGHT,3,3,,0,0,3,
33-295-18-00-20,STEEL CENTERLOCK LOCKRING - BL - ACK - FOR 15mm THRU AXLE,10498,10767,,1732,8200,10498,
33-296-18-00-10,Shimano BH59 Barb/Olive - ,21,21,,0,0,21,
33-297-17-00-20,ALLOY CENTERLOCK LOCKRING - BL - ACK - FOR 15mm THRU AXLE,280,280,,0,0,280,
33-298-17-00-10,SHIMANO - BH90 Barb/Olive - KS - MBHD1030,950,952,,777,2057,950,
33-700-20-60-10,SHIMANO - SM-RT70 - Rotor 160m - m W/O LOCK - KSMRT70SX,29,29,,0,0,29,
33-700-20-80-10,SHIMANO - SM-RT70 - Rotor 180m - m W/O LOCK - KSMRT70MX,42,42,,0,0,42,
33-800-20-60-10,SHIMANO - MT800 - Rotor 160mm - CL - KRTMT800SE,76,82,,142,679,76,
33-800-20-80-10,SHIMANO - MT800 - Rotor 180mm - CL - KRTMT800ME,530,630,,126,689,530,
33-800-21-23-10,SHIMANO - MT800 - Rotor 203mm - CL - KRTMT800LE,124,134,,20,22,124,
34-101-20-00-00,SRAM - ETAP - Battery - 00.301 - 8.201.000,147,147,,13,251,147,
34-102-20-00-00,SRAM - Force E-Tap - Battery - - 00.3018.201.001,47,47,,0,0,47,
40-016-20-00-00,RKT BEARING SPACER - 22.5X17X - 3.65 - OVERSIZED,283,283,,0,64,283,
41-021-09-00-40,"RIP 9/WFO 9 LOWER PIVOT AXLE K - IT, RED",64,64,,0,0,64,
41-022-09-00-40,"RIP 9/WFO 9 SEAT TUBE PIVOT AX - LE KIT, RED",5,5,,0,0,5,
41-023-09-00-40,"RIP 9/WFO 9 SEATSTAY PIVOT AXL - E (2), RED",10,10,,0,0,10,
41-023-11-00-40,"JET 9 CARBON LINKAGE PIVOT KIT - 4 UPPER, 4 LOWER LINKAGE BOL",11,11,,0,0,11,
41-024-09-00-40,"RIP 9/WFO 9 SEATSTAY SPACER (2 - ), RED",31,31,,0,0,31,
41-025-09-00-40,"RIP 9/WFO 9 UPPER/LOWER SPACER - (2), RED",99,99,,0,0,99,
41-025-14-00-40,J9RDO/J9C LOWER PIVOT BOLT - R - ED,3,3,,0,0,3,
41-025-16-00-40,JET 9 CARBON LOWER/FORWARD PIV - OT BOLT SET - RED,49,49,,0,0,49,
41-026-14-00-40,J9RDO/J9C UPPER PIVOT BOLT - R - ED,53,53,,0,0,53,
41-302-14-02-40,RIP 9 ALLOY V3 BEARING AND PIV - OT KIT,3,3,,0,0,3,
41-386-20-15-20,12mm to 15mm - Axle - Conversi - on Kit - AXLE-0386,239,239,,0,2,239,
41-452-20-15-20,15mm to 12mm - Axle - Conversi - on Kit - AXLE-0452,15,15,,0,0,15,
42-021-09-00-20,RIP 9 LINKAGE 2009 - ,20,20,,0,0,20,
42-022-10-00-20,"LINKAGE JET 9 CARBON 2011, BLA - CK, UPPER AND LOWER LINK SET",5,5,,0,0,5,
42-024-14-00-20,RIP 9 RDO Upper Link - Black - - Left,22,22,,0,0,22,
42-025-14-00-20,RIP 9 RDO LOWER LINK - RIGHT - ,22,22,,0,0,22,
42-026-14-00-20,RIP 9 RDO LOWER LINK - LEFT - ,24,24,,0,0,24,
42-028-14-00-70,JET 9 RDO UPPER LINK - RIGHT - - GREEN,35,35,,0,0,35,
42-029-14-00-70,JET 9 RDO UPPER LINK - LEFT - - GREEN,61,61,,0,1,61,
42-031-09-00-20,WFO 9 LINKAGE 2009 - ,6,6,,0,0,6,
42-032-14-00-20,RIP 9 UPPER LINK - BLACK - ,26,26,,0,0,26,
42-033-14-00-20,RIP 9 LOWER LINK - BLACK - ,24,24,,0,0,24,
43-302-16-05-27,RIP 9 ALLOY FRONT TRIANGLE - ,1,1,,0,0,1,
43-601-16-02-00,JET 9 RDO FRONT TRIANGLE - XS - - BLACK/GRAPHITE [WARRANTY],2,2,,0,0,2,
43-601-16-03-00,JET 9 RDO FRONT TRIANGLE - SM - - BLACK/GRAPHITE [WARRANTY],5,5,,0,0,5,
43-601-16-04-00,JET 9 RDO FRONT TRIANGLE - MD - - BLACK/GRAPHITE [WARRANTY],8,8,,0,0,8,
43-601-16-05-00,JET 9 RDO FRONT TRIANGLE - LG - - BLACK/GRAPHITE [WARRANTY],4,4,,0,0,4,
43-601-16-06-00,JET 9 RDO FRONT TRIANGLE - XL - - BLACK/GRAPHITE [WARRANTY],2,2,,0,0,2,
43-601-17-02-00,JET 9 RDO V2 FRONT TRIANGLE - - XS - CARBON/WHITE (WARRANTY),2,2,,0,0,2,
43-601-17-03-00,JET 9 RDO V2 FRONT TRIANGLE - - SM - CARBON/WHITE (WARRANTY),1,1,,1,0,1,
43-601-17-04-00,JET 9 RDO V2 FRONT TRIANGLE - - MD - CARBON/WHITE (WARRANTY),7,7,,0,1,7,
43-601-17-06-00,JET 9 RDO V2 FRONT TRIANGLE - - XL - CARBON/WHITE (WARRANTY),2,2,,0,0,2,
43-603-13-05-22,RIP 9 RDO FRONT TRIANGLE - LAR - GE - LICORICE,1,1,,0,0,1,
43-603-13-06-22,RIP 9 RDO FRONT TRIANGLE - X-L - ARGE - LICORICE,3,3,,0,0,3,
43-701-17-03-00,RKT 9 FRONT TRIANGLE - SM - BL - ACK/GREY (WARRANTY),1,1,,0,0,1,
43-701-17-05-00,RKT 9 FRONT TRIANGLE - LG - BL - ACK/GREY (WARRANTY),2,2,,0,0,2,
43-801-17-03-00,RIP 9 RDO V2 FRONT TRIANGLE - - SM - CARBON/WHITE (WARRANTY),1,1,,0,0,1,
43-801-17-05-00,RIP 9 RDO V2 FRONT TRIANGLE - - LG - CARBON/WHITE (WARRANTY),2,2,,0,0,2,
43-801-18-03-00,RIP 9 RDO V2.1 FRONT TRIANGLE - - SM - CARBON/WHITE (WARRANTY),7,7,,0,0,7,
43-801-18-04-00,RIP 9 RDO V2.1 FRONT TRIANGLE - - MD - CARBON/WHITE (WARRANTY),7,7,,0,0,7,
43-801-18-04-75,RIP 9 RDO FRONT TRIANGLE - MD - - CAMOUFLAGE,1,1,,0,0,1,
43-801-18-05-00,RIP 9 RDO V2.1 FRONT TRIANGLE - - LG - CARBON/WHITE (WARRANTY),12,12,,0,0,12,
43-801-18-05-75,RIP 9 RDO FRONT TRIANGLE - LG - - CAMOUFLAGE,1,1,,0,0,1,
43-801-18-06-00,RIP 9 RDO V2.1 FRONT TRIANGLE - - XL - CARBON/WHITE (WARRANTY),4,4,,0,0,4,
43-817-20-03-20,RIP 9 RDO FRONT TRIANGLE - 27. - 5 - SM - SATIN CARBON,1,1,,0,0,1,
43-919-21-04-40,WFO 9 RDO FRONT TRIANGLE - MD - - HOT TAMALE,2,0,,0,0,2,
44-601-16-00-00,JET 9 RDO REAR TRIANGLE 12X142 - - BLACK/GRAPHITE [WARRANTY],3,3,,0,0,3,
44-601-17-01-00,JET 9 RDO V2 REAR TRIANGLE - C - ARBON/WHITE (WARRANTY),7,6,,0,2,7,
44-601-17-01-55,JET 9 RDO REAR TRIANGLE - BLAZ - E YELLOW,1,1,,0,0,1,
44-602-13-01-41,JET 9 CARBON REAR TRIANGLE - T - AMALE,2,2,,0,0,2,
44-602-15-00-55,JET 9 CARBON REAR TRIANGLE - O - RANGE/BLAZE YELLOW,2,2,,0,0,2,
44-603-13-01-22,RIP 9 RDO REAR TRIANGLE - LICO - RICE,3,3,,0,0,3,
44-701-17-01-80,RKT 9 REAR TRIANGLE - BLUE/GRE - EN,1,1,,0,0,1,
44-701-18-01-50,RKT 9 REAR TRIANGLE - ORANGE - ,6,6,,0,0,6,
44-711-18-02-20,RKT 9 REAR TRIANGLE - CARBON/G - REEN,7,7,,0,0,7,
44-801-18-01-00,RIP 9 RDO V2.1 REAR TRIANGLE - - CARBON/WHITE (WARRANTY),8,7,,0,-1,8,
44-817-19-00-65,RIP 9 RDO REAR TRIANGLE - 27.5 - - SANTA FE SAND,5,5,,0,0,5,
44-817-20-00-20,RIP 9 RDO REAR TRIANGLE - 27.5 - - SATIN CARBON,1,1,,0,0,1,
44-819-19-00-72,RIP 9 RDO REAR TRIANGLE - 29 - - MILITARY GRN/CEMENT,2,2,,0,0,2,
44-819-20-00-20,RIP 9 RDO REAR TRIANGLE - 29 - - SATIN CARBON,1,1,,0,0,1,
44-919-21-00-40,WFO 9 RDO REAR TRIANGLE - HOT - TAMALE,2,2,,0,0,2,
45-001-20-59-80,RLT 9 FRAME (NO FORK)-59-AZURE - BLUE,1,1,,0,0,1,
45-001-20-62-80,RLT 9 FRAME (NO FORK)-62-AZURE - BLUE,1,1,,0,0,1,
46-002-14-00-20,ROS 9 ST COVER W/SCREW (PAIR) - ,49,49,,0,0,49,
46-010-15-00-00,ONE 9 QR SS DROPOUT W/ BOTTLE - OPENER,212,212,,0,0,212,
46-010-21-00-20,METAL CREDIT CARD STYLE 2-SIDE - D PRINTED BOTTLE OPENER - NINE,184,184,,0,0,184,
46-011-13-00-35,NIE-SPA - PIVOT SPACER LOWER 6 - 061-T6 - RED,86,86,,0,0,86,
46-011-21-00-20,License plate frame 1200B - bl - ack with white Niner logo,177,177,,0,0,177,
46-012-13-00-20,PIVOT NUT - J9C - ALLOY RT - S - ILVER,28,28,,0,0,28,
46-019-10-00-20,CHAINSTAY PROTECTOR - AIR 9 CA - RBON V1 - VELCRO,11,11,,0,0,11,
46-020-14-00-20,RIP 9 RDO BASH GUARD LOWER LIN - K,43,44,,1,0,43,
46-023-10-00-01,3M SEAT STAY PROTECTOR-TAPE- A - IR 9 CARBON-CLEAR,182,182,,0,2,182,0
46-024-10-00-10,CABLE GUIDE CHUCK- AIR 9 CARBO - N-7075-SILVER,99,99,,0,0,99,
46-025-14-00-01,3M DOWN TUBE PROTECTOR-TAPE - - BSB 9 RDO,36,36,,0,0,36,0
46-027-14-00-01,3M DOWN TUBE PROTECTOR-TAPE - - AIR 9 RDO V1,41,41,,0,0,41,
46-028-14-00-01,3M DOWN TUBE PROTECTOR-TAPE - - RIP 9 RDO V1,87,87,,0,0,87,
46-029-14-00-10,"RIP 9 RDO TI GUARD SET 1 - BB - , 1 - CHAINSTAY",15,15,,0,0,15,
46-031-11-00-10,"JET 9 CARBON TI GUARD SET 1 - - BB , 1 - CHAINSTAY",102,102,,0,0,102,
46-032-11-00-01,3M DOWN TUBE PROTECTOR-TAPE - - JET 9 RDO V1,107,107,,0,2,107,0
46-032-14-00-10,BSB 9 RDO TI GUARD SET - ,42,42,,0,0,42,
46-034-16-00-10,"RKT 9 RDO TI GUARD SET 1 - BB - , 1 - CHAINSTAY",6,6,,0,0,6,
46-036-12-00-20,CHAINSTAY PROTECTOR - ONE 9 - - BLACK,33,33,,0,0,33,
46-041-14-00-00,34.9MM BRAZE ON FRONT DERAILLE - UR ADAPTER,5,5,,0,0,5,
46-041-20-34-20,34.9mm Braze On Front Deraille - ur Adapter (black),956,967,,198,312,956,0
46-045-14-00-20,CHAINSTAY PROTECTOR - AIR 9 RD - O V1,36,37,,0,1,37,1
46-050-14-00-00,RIP 9 RDO ISCG-05 MOUNT - ,57,57,,0,0,57,
46-052-14-00-30,RIP RDO V1 PIVOT BOLT - RED - ,14,14,,0,0,14,
46-054-14-00-30,RIP RDO V1 SEATSTAY PIVOT BOLT - - RED,63,63,,0,0,63,
46-072-14-00-20,CHAINSTAY PROTECTOR - RIP 9 RD - O V1,47,47,,0,2,47,0
46-072-17-00-20,CHAINSTAY PROTECTOR - RIP 9 RD - O V2,35,35,,0,0,35,
46-074-17-00-20,CHAINSTAY PROTECTOR - JET 9 RD - O V2,58,58,,0,0,58,
46-074-18-00-00,CHAINSTAY PROTECTOR-BSB 9 RDO - / JET/RIP ALLOY - SILICON,183,183,,0,0,183,
46-076-18-00-00,CHAINSTAY PROTECTOR-RKT 9 RDO - V1 - SILICON,90,91,,1,0,90,
46-078-17-00-00,CHAINSTAY PROTECTOR - RLT 9 RD - O,111,111,,0,0,111,
46-091-10-00-00,AIR 9 CARBON GEARED KIT - ,4,4,,0,0,4,
46-092-10-00-20,BB CABLE GUIDE FOR AIR 9 CARBO - N,50,50,,0,0,50,
46-100-11-00-20,RDO 4MM CABLE HOUSING STOP - ,3750,3750,,0,0,3750,
46-121-21-00-00,ROCK SHOCK - RIP E9/WFO E9 SHO - CK BOLT AND BUSHING,255,255,,0,0,255,
46-300-14-00-00,JAGWIRE 4000MM FULL CABLE HOUS - ING KIT W/ CAPS & CRIMPS,7648,7654,,1278,6348,7648,
46-303-18-00-00,Jagwire Rotating Hook - 4mm/5m - m Housing,8184,8190,,812,4360,8184,
46-304-20-00-00,"SHIMANO - DISC BRAKE HOSE, SM- - BH90-SB,         1000MM BLACK(",184,184,,5,2,184,
46-601-12-00-00,PERFORMANCE SHIFT KIT - AIR 9 - CARBON,492,492,,0,0,492,
46-701-12-00-10,"AIR 9 RDO TI GUARD SET 1 - BB - , 1 - CHAINSTAY",14,14,,0,0,14,
47-000-17-00-20,Pivot Bolt - BB ISCG Female - - J9RDO V2 - Black,39,42,,0,5,39,
47-000-17-01-20,Pivot Bolt - Female - J9RDO V2 - - Black,30,30,,0,25,30,
47-000-17-03-20,Pivot Bolt - Male - J9RDO V2 / - RKT 9 RDO- Black,3,3,,0,2,3,
47-000-17-05-20,Pivot Bolt - Seatstay - J9RDO - V2 - Black,70,70,,0,16,70,
47-000-17-06-20,Pivot Bolt - Seatstay - RIP 9 - RDO V2 - Black,112,112,,0,0,112,
47-000-17-07-40,PIVOT BOLT - SEATSTAY - RKT - - RED,195,195,,0,0,195,
47-000-17-08-20,Pivot Bolt Washer - 17mm - RIP - 9 RDO V2 - Black,40,40,,0,0,40,
47-000-18-13-20,PIVOT BOLT FEMALE - M13 X 1 X - 34L - RIP V3 - BLACK,71,71,,0,0,71,
47-000-20-03-20,PIVOT BOLT - MALE - RKT - M13X - 1P - BLACK,110,110,,0,29,110,
47-001-17-03-20,Bash Guard  - RIP 9 RDO V2 / J - 9RDO V2,343,343,,0,0,343,
47-001-17-04-20,Bash Guard Gasket - RIP 9 RDO - V2 / J9RDO V2,359,359,,0,0,359,
47-001-17-08-20,BB Hatch Door - RLT 9 RDO - ,68,68,,0,0,68,
47-001-17-10-20,BB Access Panel Cover - Air 9 - RDO V2,57,57,,0,0,57,
47-002-19-00-00,M4x0.7x7L BHCS for RIP v3 - ,180,180,,0,0,180,
47-002-19-01-20,Bash Guard  - RIP 9 RDO V3 - ,26,26,,0,0,26,
47-002-19-02-20,DT Cover - RIP V3 - Fox Live V - alve,30,30,,0,0,30,
47-002-19-05-00,M5x10L BHCS for RIP v3 - ,69,69,,0,0,69,
47-003-17-55-00,BB Cable Guide Screw - M5x6 - - BSB,29,29,,0,0,29,
47-003-17-56-00,BB Cable Guide Screw - M5x6 - - RKT,100,100,,0,0,100,
47-003-17-58-20,BB Cable Guide - RKT 9 RDO - ,100,100,,0,0,100,
47-004-17-80-20,Bearing Spacer 17mm - J9RDO V2 - / RKT - Black,5,5,,0,0,5,
47-005-17-04-20,Cable Housing Shim - 4mm - Bla - ck,900,900,,0,0,900,
47-005-17-05-25,Cable Housing Shim - 5mm - Gre - y,301,301,,0,0,301,
47-005-17-14-20,Cable Raincoat - CM014 - ,176,176,,0,0,176,
47-005-17-18-20,NYLON GUIDE TUBE - RLT 9 RDO - ,100,100,,0,0,100,
47-005-17-22-20,Rubber Seal - RLT 9 RDO - ,100,100,,0,0,100,
47-006-17-00-20,Di2 Battery Door - RIP 9 RDO V - 2 / J9RDO V2,375,375,,0,0,375,
47-006-17-01-00,Di2 Battery Door Screw - M5x10 - ,159,159,,0,0,159,
47-006-17-02-20,Di2 Battery Shim - RIP 9 RDO V - 2 / J9RDO V2,685,685,,0,0,685,
47-006-17-03-20,Di2 Hole Plug - A9RDO V2 - ,148,148,,0,0,148,
47-006-17-04-20,Di2 Junction Box Adaptor - RIP - 9 RDO V2 / J9RDO V2,324,324,,0,0,324,
47-006-17-05-20,Di2 Plug - 8x7mm - ,481,481,,0,0,481,
47-006-17-06-20,Di2 Plug - ST - BSB 9 RDO - ,61,61,,0,0,61,
47-006-17-08-20,Di2 Plug - RLT 9 RDO - ,141,141,,0,0,141,
47-006-17-10-20,Di2 Plug - RLT 9 RDO - No Hole - ,132,132,,0,0,132,
47-006-17-12-00,M6X 12 - FORK CROWN BOLT - GRA - VEL RDO FORK,101,101,,0,0,101,
47-007-17-00-20,FD Mount - J9RDO V2 - Black - ,29,29,,0,0,29,
47-007-17-01-40,FD Mount - RKT - Red - ,20,20,,0,0,20,
47-007-17-02-00,FD Mount Bolt - M5x12 - J9RDO - V2,68,68,,0,0,68,
47-007-17-03-00,FD Mount Bolt - M5x20 - J9RDO - V2,68,68,,0,0,68,
47-007-17-04-20,FD Screw Hole Plug / Fork Rack - Mount Plug,6,6,,0,0,6,
47-007-17-06-00,BB Access Door Screw - Air 9 R - DO V2,182,182,,0,0,182,
47-007-17-30-00,BB HATCH DOOR BOLT - M4x12 - 3 - mm Allen,78,78,,0,0,78,
47-007-17-32-00,Fender Mount - RLT 9 RDO - ,79,79,,0,0,79,
47-008-17-00-20,Grommet - No Hole - BSB 9 RDO - ,324,324,,0,0,324,
47-008-17-01-20,One Way Cable Guide - ,366,366,,0,0,366,
47-008-17-02-20,Grommet - Dual Cable - RIP 9 R - DO V2 / J9RDO V2 DT,210,210,,0,0,210,
47-008-17-27-20,Grommet - 2.7mm - BSB 9 RDO - ,223,223,,0,0,223,
47-008-17-40-20,Grommet - Dual Cable - 4mm - ,894,894,,0,0,894,
47-008-17-42-20,Grommet - 4.2mm - BSB 9 RDO - ,289,289,,0,0,289,
47-008-18-01-20,Guide Tube Shim - Der Housing - - Jet 9 RDO V2.1 / RIP 9 RDO V,1,1,,0,0,1,
47-008-18-02-20,Guide Tube Shim - Brake Housin - g - Jet 9 RDO V2.1 / RIP 9 RDO,52,52,,0,0,52,
47-009-17-12-20,Maxle Thread Capture Insert - - Air 9 RDO V2,72,72,,0,0,72,
47-009-18-12-00,RD HANGER SCREW - M4 X P0.7 X - 12MM (METAL FRAMES),91,91,,0,0,91,
47-009-18-16-00,RD HANGER SCREW - M4 X P0.7 X - 16MM (CARBON FRAMES),90,90,,0,0,90,
47-010-17-00-00,Ti Guard - CS - Air 9 RDO V2 - ,43,43,,0,0,43,
47-010-17-01-00,Ti Guard - DT - Air 9 RDO V2 - ,27,27,,0,0,27,
47-010-17-02-00,Ti Guard - CS - BSB 9 RDO - ,26,26,,0,0,26,
47-010-17-03-00,Ti Guard - FT - RIP 9 RDO V2 / - J9RDO V2,46,46,,0,0,46,
47-010-17-04-00,Ti Guard - RT - J9RDO V2 - ,23,23,,0,0,23,
47-010-17-06-00,Ti Guard - RT - RIP 9 RDO V2 - ,55,55,,0,0,55,
47-010-17-07-00,Ti Guard - FT - RKT 9 RDO - ,39,39,,0,0,39,
47-010-17-08-00,Ti Guard - RT - RKT 9 RDO - ,38,38,,0,0,38,
47-010-19-06-00,Ti Guard RIP V3 - 140mm - ,32,32,,0,0,32,
47-010-19-10-00,Ti Guard - CS - RLT 9 RDO V2 - ,37,37,,0,1,37,
47-011-17-00-20,Upper Shock Mounting Bolt - RI - P 9 RDO V2 - Black,142,142,,0,0,142,
47-011-17-01-20,"Shock Mount Bolt - JET 9 RDO V - 2, RKT 9 RDO, RIP 9 RDO V2 (lo",181,183,,1,3,182,
47-011-17-02-20,Shock Mount Bolt - RKT  - Blac - k,196,196,,0,0,196,
47-011-17-03-40,Lower Shock Mount Nut - RKT - - Red,8,8,,0,0,8,
47-011-18-00-20,SHOCK MOUNTING BOLT - STEEL - - RIP/WFO 9 ALLOY V3,198,198,,0,0,198,
47-011-18-01-20,"SHOCK MOUNT BOLT - STEEL - JET - 9 RDO V2, RKT 9 RDO, RIP 9 RD",35,40,,1,16,37,2
47-011-18-02-20,Upper Shock Mounting Bolt - St - eel - RIP 9 RDO V2 - Black,52,52,,0,0,52,
47-013-17-19-20,ST DROPPER ENTRY - SIR 9 V3 - ,98,98,,0,0,98,
47-015-17-00-00,BOLT FOR BB CABLE GUIDE - SIR - 9 V3,78,78,,0,0,78,
47-015-17-09-20,BB CABLE GUIDE - SIR 9 V3 - ,95,95,,0,0,95,
47-015-17-30-20,BB Cable Chuck - RLT 9 V2 - ,96,96,,0,0,96,
47-015-20-00-20,CABLE CLIP - SIR 9 V3 - 2019 - ,200,200,,0,0,200,
47-016-19-00-20,Flip Chip Outer 140Tx29 - RIP - V3,137,137,,0,0,137,
47-017-19-00-20,Flip Chip Inner 140Tx29 - RIP - V3,135,135,,0,2,135,0
47-018-19-00-20,NRBF-10-A-16 M3x12 Socket Head - C-Sink 90 Degrees,74,74,,0,0,74,
47-019-19-00-20,NINER 90 DEGREE AIR VALVE ADAP - TER,72,73,,0,1,72,
47-023-19-00-20,3M Seat Stay Protector - Tape - - RIP 9 RDO V3,3,3,,0,0,3,
47-080-17-00-00,CHAINSTAY PROTECTOR - RLT 9 AL - LOY V2,167,167,,0,0,167,
47-082-18-00-00,CHAINSTAY PROTECTOR-AIR 9 V4 - - SILICON,190,190,,0,0,190,
47-101-16-00-00,NINER HEADBADGE STICK ON - ,106,106,,0,8,106,
47-101-20-00-00,Niner Headbadge Stick On - FLA - T,337,337,,0,0,337,
47-103-17-00-00,JET 9RDO V2 DI2 FD MOUNT - ,96,96,,0,0,96,
47-298-19-00-20,SHIMANO ALLOY CENTERLOCK LOCKR - ING PAIR - BLACK - FOR 15mm TH,119,119,,0,0,119,
47-621-16-06-00,"LINK - UPPER, LEFT - JET 9 RDO - V2",49,49,,0,1,49,
47-621-16-08-00,"LINK - UPPER, RIGHT - JET 9 RD - O V2",100,101,,0,2,101,
47-621-16-10-00,LINK - LOWER - JET 9 RDO V2 - ,49,50,,0,1,49,
47-623-16-06-00,LINK - UPPER - RIP 9 RDO V2 - ,44,44,,0,0,44,
47-623-16-10-00,LINK - LOWER - RIP 9 RDO V2 - ,28,28,,0,0,28,
47-623-19-04-00,Pivot Kit - RIP 9 RDO V3 - ,7,8,,1,0,7,
47-624-19-06-00,"LINK - UPPER, LEFT - RIP 9 RDO - V3 140MM",55,55,,0,0,55,
47-624-19-08-00,"LINK - UPPER, RIGHT - RIP 9 RD - O V3 140MM",55,55,,0,0,55,
47-624-19-10-00,LINK - LOWER - RIP 9 RDO V3 14 - 0MM,55,55,,0,0,55,
47-721-16-06-00,"LINK - UPPER, LEFT - RKT 9 RDO - ",20,21,,1,0,20,
47-721-16-08-00,"LINK - UPPER, RIGHT - RKT 9 RD - O",32,33,,1,0,32,
47-721-16-10-00,LINK - LOWER - RKT 9 RDO - ,21,21,,0,0,21,
49-002-14-68-20,SRAM PF30 TO BSA ADAPTOR 68MM - ,420,420,,0,0,420,
49-102-19-30-20,BB ADAPTER - THREADED - PF30 T - O BSA,786,786,,0,0,786,
49-131-09-00-20,NINER EBB BIO-CENTRIC BLACK - ,4,4,,0,0,4,
49-131-12-00-20,NINER EBB BIO-CENTRIC V2 BLACK - (RP),2,3,,10,4,2,
49-132-10-00-20,CYA BOTTOM BRACKET INSERT - TH - READED,98,98,,0,0,98,
49-136-14-30-20,BioCentric 30 - Black - ,578,577,,3,74,579,
49-150-18-24-00,SHIMANO BB-RS500 - 68MM - 24MM - ,11,11,,110,0,11,0
49-231-09-00-00,"EBB SHELL, 6000 SERIES - ",130,130,,0,0,130,
50-001-10-02-20,CYA REMOVAL TOOL 2.0 - ,58,58,,53,0,58,
55-001-20-00-20,PLASTIC PLATE FOR NINER BOLT-O - N BAG,525,525,,0,0,525,
55-015-20-25-30,Patagonia / Niner Black Hole B - ag 25L *DEMO ONLY* - White,1,1,,0,0,1,
55-100-20-00-20,NINER BOLT-ON BAG - TOP TUBE - - ONE SIZE,434,436,,1,30,436,
55-101-20-01-20,NINER BOLT-ON BAG - FRONT TRIA - NGLE - RLT/MCR - XXS,243,243,,0,0,243,
55-101-20-02-20,NINER BOLT-ON BAG - FRONT TRIA - NGLE - RLT/MCR - XS,108,108,,0,0,108,
55-101-20-03-20,NINER BOLT-ON BAG - FRONT TRIA - NGLE - RLT/MCR - SM,289,284,,0,2,289,
55-101-20-04-20,NINER BOLT-ON BAG - FRONT TRIA - NGLE - RLT/MCR - MD,498,503,,1,5,499,
55-101-20-05-20,NINER BOLT-ON BAG - FRONT TRIA - NGLE - RLT/MCR - LG,189,192,,1,1,190,1
55-102-18-00-20,BACKCOUNTRY RESEARCH - NINER M - UTHERLOAD FRAME MOUNT,28,28,,1,20,28,
55-103-20-00-20,NINER WALLET - ONE SIZE - ,176,176,,0,0,176,
55-104-20-00-20,NINER REAR RACK CARGO VAULT - - RLT e9 RDO,118,118,,0,2,118,
59-024-17-03-25,"NINER/SOCKGUY WOOL SERAPE 6"" S - OCKS - GREY/BLACK-SM/MD",41,41,,0,0,41,
59-024-17-03-40,"NINER/SOCKGUY WOOL SERAPE 6"" S - OCKS - BLACK/RED-SM/MD",37,37,,0,0,37,
59-030-22-03-20,"NINER WOOL SOCKS SM/MD 6"" CUFF - - NINER LOGO/BLACK/TOPO",48,48,,0,0,48,
59-030-22-05-20,"NINER WOOL SOCKS LG/XL 6"" CUFF - - NINER LOGO/BLACK/TOPO",96,96,,0,0,96,
59-031-22-03-20,"NINER WOOL SOCKS SM/MD 6"" CUFF - - GREY AND OLIVE SERAPE",48,48,,0,0,48,
59-031-22-05-20,"NINER WOOL SOCKS LG/XL 6"" CUFF - - GREY AND OLIVE SERAPE",96,96,,0,0,96,
60-017-20-00-20,Niner Topo Neck Buff - Black w - ith olive topo,222,222,,0,2,222,
60-017-20-21-20,HAT - NINER 9 LOGO PATCH TRUCK - ER-Charcoal,150,150,,0,0,150,
60-017-20-21-70,HAT - NINER 9 LOGO PATCH TRUCK - ER-Moss / Khaki,108,108,,0,0,108,
60-018-20-00-10,Niner Logo Face mask - grey. - ,113,113,,0,0,113,
60-019-20-00-20,Niner Fisherman's Beanie - Bla - ck with debossed leather logo,100,100,,0,0,100,
60-020-18-00-20,NINER/BOCO LEGACY BEANIE - ,3,3,,0,0,3,
60-020-20-00-20,Niner Knit Beanie with Leather - Patch Logo - heather grey wit,95,100,,12,0,95,
60-101-20-03-80,T-Shirt - SEISMIC NINER - Wome - n's-Indigo-SM,8,8,,0,0,8,
60-101-20-04-80,T-Shirt - SEISMIC NINER - Wome - n's-Indigo-MD,23,23,,0,1,23,0
60-101-20-05-80,T-Shirt - SEISMIC NINER - Wome - n's-Indigo-LG,32,32,,0,0,32,
60-101-20-06-80,T-Shirt - SEISMIC NINER - Wome - n's-Indigo-XL,21,21,,0,0,21,
60-101-20-07-80,T-Shirt - SEISMIC NINER - Wome - n's-Indigo-XXL,2,2,,0,0,2,
60-111-20-03-80,T-Shirt - SEISMIC NINER - SM - - Midnight Navy,23,23,,0,0,23,
60-111-20-04-80,T-Shirt - SEISMIC NINER - MD - - Midnight Navy,29,29,,0,0,29,
60-115-19-03-82,T-SHIRT - NINE LOGO - SM - MID - NIGHT NAVY,1,1,,0,1,1,0
60-116-15-03-80,T-Shirt - Nine Logo Tech Tee - - SM - Black Aqua,44,44,,0,0,44,
60-116-15-04-80,T-Shirt - Nine Logo Tech Tee - - MD - Black Aqua,79,79,,0,0,79,
60-116-15-05-80,T-Shirt - Nine Logo Tech Tee - - LG- Black Aqua,67,67,,0,0,67,
60-116-15-06-80,T-Shirt - Nine Logo Tech Tee - - XL - Black Aqua,51,52,,0,2,52,
60-116-15-07-80,T-Shirt - Nine Logo Tech Tee - - XXL - Black Aqua,21,21,,0,0,21,
60-116-20-03-70,T-Shirt - Nine Logo Tech Tee - - SM - Forest Green,34,34,,0,0,34,
60-116-20-04-70,T-Shirt - Nine Logo Tech Tee - - MD - Forest Green,55,55,,0,0,55,
60-116-20-05-70,T-Shirt - Nine Logo Tech Tee - - LG - Forest Green,57,58,,0,1,58,
60-116-20-06-70,T-Shirt - Nine Logo Tech Tee - - XL - Forest Green,66,66,,0,1,66,
60-116-20-07-70,T-Shirt - Nine Logo Tech Tee - - XXL - Forest Green,20,20,,0,0,20,
60-120-20-03-40,SHIRT - NINER 9 LOGO FLANNEL - - Red flannel - S,23,23,,0,0,23,
60-120-20-04-40,SHIRT - NINER 9 LOGO FLANNEL - - Red flannel - M,47,47,,0,0,47,
60-120-20-05-40,SHIRT - NINER 9 LOGO FLANNEL - - Red flannel - Lg,50,51,,1,0,51,1
60-120-20-06-40,SHIRT - NINER 9 LOGO FLANNEL - - Red flannel - XL,17,17,,0,0,17,
60-140-14-03-20,T-SHIRT - CALIRADO - SMALL - B - LACK,13,13,,0,5,13,
60-144-14-03-83,T-SHIRT - FRONT RANGER - SMALL - - INDIGO,4,4,,0,0,4,
60-144-14-04-83,T-SHIRT - FRONT RANGER - MEDIU - M - INDIGO,3,3,,0,0,3,
60-144-14-07-83,T-SHIRT - FRONT RANGER - XX-LA - RGE - INDIGO,4,4,,0,0,4,
60-147-14-03-28,T-SHIRT - LONG SLEEVE - FRONT - RANGER - WOMENS - SM- CHARCOAL,2,2,,0,0,2,
60-148-20-03-25,T-Shirt - Nine Shades of Grey - - SM - Charcoal,49,49,,0,0,49,
60-148-20-04-25,T-Shirt - Nine Shades of Grey - - MD - Charcoal,101,101,,0,0,101,
60-148-20-05-25,T-Shirt - Nine Shades of Grey - - LG - Charcoal,102,102,,0,0,102,
60-148-20-06-25,T-Shirt - Nine Shades of Grey - - XL - Charcoal,83,83,,0,0,83,
60-148-20-07-25,T-Shirt - Nine Shades of Grey - - XXL - Charcoal,21,21,,0,0,21,
60-149-19-03-28,T-SHIRT - NINE SHADES OF GREY - - WOMEN'S - SM - DARK GREY,2,2,,0,0,2,
60-149-19-04-28,T-SHIRT - NINE SHADES OF GREY - - WOMEN'S - MD - DARK GREY,3,3,,0,0,3,
60-149-19-05-28,T-SHIRT - NINE SHADES OF GREY - - WOMEN'S - LG - DARK GREY,4,4,,0,0,4,
60-149-19-06-28,T-SHIRT - NINE SHADES OF GREY - - WOMEN'S - XL - DARK GREY,2,2,,0,0,2,
60-149-19-07-28,T-SHIRT - NINE SHADES OF GREY - - WOMEN'S - XXL - DARK GREY,1,1,,0,0,1,
60-149-20-03-25,T-Shirt - Nine Shades of Grey - - Women's - SM - Heather Grey,19,19,,0,0,19,
60-149-20-04-25,T-Shirt - Nine Shades of Grey - - Women's - MD - Heather Grey,40,40,,0,0,40,
60-149-20-05-25,T-Shirt - Nine Shades of Grey - - Women's - LG - Heather Grey,42,42,,0,0,42,
60-149-20-06-25,T-Shirt - Nine Shades of Grey - - Women's - XL - Heather Grey,28,28,,0,0,28,
60-149-20-07-25,T-Shirt - Nine Shades of Grey - - Women's - XXL - Heather Grey,7,7,,0,0,7,
60-156-19-06-20,T-SHIRT - COMMONWEALTH - XL - - BLACK,1,1,,0,0,1,
60-158-17-03-25,T-SHIRT - INVERSION - SLATE / - YELLOW - SM,36,36,,0,0,36,
60-158-17-04-25,T-SHIRT - INVERSION - SLATE / - YELLOW - MD,68,68,,0,0,68,
60-158-17-05-25,T-SHIRT - INVERSION - SLATE / - YELLOW - LG,50,50,,0,0,50,
60-158-17-06-25,T-SHIRT - INVERSION - SLATE / - YELLOW - XL,30,30,,0,0,30,
60-158-19-03-70,T-SHIRT - INVERSION - SM - MIL - ITARY GREEN / LIME,2,2,,0,0,2,
60-161-20-03-10,T-SHIRT - LOGO TAG POCKET TEE: - GREY/CHARCOAL-S,11,11,,0,0,11,
60-161-20-03-20,T-Shirt - RLT COMPASS - SM - B - LACK,3,3,,0,0,3,
60-161-20-04-10,T-SHIRT - LOGO TAG POCKET TEE: - GREY/CHARCOAL-M,25,26,,1,0,25,
60-161-20-04-20,T-Shirt - RLT COMPASS - MD - B - LACK,9,9,,0,0,9,
60-161-20-06-10,T-SHIRT - LOGO TAG POCKET TEE: - GREY/CHARCOAL-XL,5,5,,0,0,5,
60-164-17-04-82,T-SHIRT - WOMEN'S CALIRADO TAN - K - TURQUOISE - MD,9,9,,0,0,9,
60-164-17-05-82,T-SHIRT - WOMEN'S CALIRADO TAN - K - TURQUOISE - LG,32,32,,0,0,32,
60-164-17-06-82,T-SHIRT - WOMEN'S CALIRADO TAN - K - TURQUOISE - XL,10,10,,0,0,10,
60-166-17-05-25,T-SHIRT - WOMEN'S INVERSION 3/ - 4 - HEATHER/BLACK - LG,27,27,,0,0,27,
60-166-17-06-25,T-SHIRT - WOMEN'S INVERSION 3/ - 4 - HEATHER/BLACK - XL,4,4,,0,0,4,
60-168-17-03-20,T-SHIRT - SIR 9 - BLACK - SM - ,6,6,,0,0,6,
60-169-20-00-20,Niner Serape Bandana - Black - ,22,22,,0,0,22,
60-169-20-00-25,Niner Serape Bandana - Gray - ,36,36,,0,0,36,
60-169-20-00-80,Niner Serape Bandana - Navy - ,26,26,,0,0,26,
60-170-20-03-20,T-SHIRT - NINER RIDE THE LIGHT - NING e9 TEE - SM - Charcoal,122,122,,0,0,122,
60-170-20-04-20,T-SHIRT - NINER RIDE THE LIGHT - NING e9 TEE - MD - Charcoal,40,40,,4,0,40,
60-170-20-05-20,T-SHIRT - NINER RIDE THE LIGHT - NING e9 TEE - LG - Charcoal,20,20,,4,0,20,
60-170-20-06-20,T-SHIRT - NINER RIDE THE LIGHT - NING e9 TEE - XL - Charcoal,32,32,,3,0,32,
60-170-20-07-20,T-SHIRT - NINER RIDE THE LIGHT - NING e9 TEE - XXL - Charcoal,6,6,,0,0,6,
60-202-18-02-20,NINER/SQUADRA RDO VEST - XS - ,1,1,,0,0,1,
60-202-18-03-20,NINER/SQUADRA RDO VEST - SM - ,3,3,,0,0,3,
60-202-18-04-20,NINER/SQUADRA RDO VEST - MD - ,1,1,,0,0,1,
60-205-13-03-20,SS JERSEY - PEDAL DAMN IT - SM - ALL,1,1,,0,0,1,
60-207-17-02-20,NINER/SQUADRA RDO JERSEY - ,2,2,,0,0,2,
60-207-17-03-20,NINER/SQUADRA RDO JERSEY - ,2,2,,0,0,2,
60-211-18-02-20,NINER/SQUADRA RDO LS THERMAL J - ERSEY,3,3,,0,0,3,
60-211-18-03-20,NINER/SQUADRA RDO LS THERMAL J - ERSEY,5,5,,0,0,5,
60-211-18-04-20,NINER/SQUADRA RDO LS THERMAL J - ERSEY,2,2,,0,0,2,
60-223-16-03-20,NINER FRONT RANGER JERSEY - SM - ,3,3,,0,0,3,
60-229-17-02-84,NINER RDO JERSEY - WOMEN'S - X - S,4,4,,0,0,4,
60-229-17-03-84,NINER RDO JERSEY - WOMEN'S - S - M,4,4,,0,0,4,
60-229-17-04-84,NINER RDO JERSEY - WOMEN'S - M - D,4,4,,0,0,4,
60-229-17-05-84,NINER RDO JERSEY - WOMEN'S - L - G,14,14,,0,0,14,
60-230-22-03-20,GA M CHRNO EX BIB SHORT NINER - CSTM S,24,25,,1,0,25,1
60-230-22-04-20,GA M CHRNO EX BIB SHORT NINER - CSTM M,49,50,,0,1,50,1
60-230-22-05-20,GA M CHRNO EX BIB SHORT NINER - CSTM L,42,49,,4,3,49,7
60-230-22-06-20,GA M CHRNO EX BIB SHORT NINER - CSTM XL,23,24,,0,1,24,1
60-231-22-03-20,GIRO M CHRONO EX JERSEY NINER - CSTM S,24,25,,1,0,25,1
60-231-22-04-20,GIRO M CHRONO EX JERSEY NINER - CSTM M,45,50,,2,3,48,3
60-231-22-05-20,GIRO M CHRONO EX JERSEY NINER - CSTM L,43,49,,4,2,49,6
60-231-22-06-20,GIRO M CHRONO EX JERSEY NINER - CSTM XL,21,24,,0,3,24,3
60-424-19-03-80,NINER CA-CO BEAR HOODIE - SM - - BLUE,3,3,,0,0,3,
60-424-20-03-70,NINER CA-CO BEAR HOODIE:NINER - CA-CO BEAR HOODIE-SM-GREEN,23,23,,0,0,23,
60-424-20-04-70,NINER CA-CO BEAR HOODIE:NINER - CA-CO BEAR HOODIE-MD-GREEN,32,32,,0,0,32,
60-424-20-05-70,NINER CA-CO BEAR HOODIE:NINER - CA-CO BEAR HOODIE-LG-GREEN,25,26,,0,0,25,
60-424-20-06-70,NINER CA-CO BEAR HOODIE:NINER - CA-CO BEAR HOODIE-XL-GREEN,10,11,,0,0,10,
60-430-20-03-28,NINER LOGO TAG/TOPO TECH HOODI - E  - S - DARK GREY,15,15,,0,0,15,
60-430-20-04-28,NINER LOGO TAG/TOPO TECH HOODI - E  - M - Dark Grey,28,28,,0,0,28,
60-430-20-05-28,NINER LOGO TAG/TOPO TECH HOODI - E  - Lg - Dark Grey,24,24,,0,0,24,
60-430-20-06-28,NINER LOGO TAG/TOPO TECH HOODI - E  - XL - Dark Grey,10,10,,0,0,10,
60-605-13-02-20,BIB SHORTS - PEDAL DAMN IT - - X-SMALL,2,2,,0,0,2,
60-605-13-07-20,BIB SHORTS - PEDAL DAMN IT - X - X-LARGE,18,18,,0,0,18,
60-609-14-02-40,NINER/SQUADRA TEAM GEAR BIB - - X-SMALL,5,5,,0,0,5,
60-609-17-03-40,NINER/SQUADRA TEAM BIB SHORT - ,6,6,,0,0,6,
60-609-17-04-40,NINER/SQUADRA TEAM BIB SHORT - ,4,4,,0,0,4,
60-609-17-05-40,NINER/SQUADRA TEAM BIB SHORT - ,6,6,,0,0,6,
60-609-17-06-40,NINER/SQUADRA TEAM BIB SHORT - ,3,3,,0,0,3,
60-629-17-02-84,NINER RDO SHORTS - WOMEN'S - X - S,5,5,,0,0,5,
60-629-17-03-84,NINER RDO SHORTS - WOMEN'S - S - M,13,13,,0,0,13,
60-629-17-04-84,NINER RDO SHORTS - WOMEN'S - M - D,16,16,,0,0,16,
60-629-17-05-84,NINER RDO SHORTS - WOMEN'S - L - G,20,20,,0,0,20,
60-629-17-06-84,NINER RDO SHORTS - WOMEN'S - X - L,5,5,,0,0,5,
60-702-14-03-20,NINER/SQUADRA TEAM ARMWARMER - - SMALL,16,16,,0,0,16,
60-728-19-06-28,PATAGONIA/NINER TORRENTSHELL J - ACKET *INTERNAL USE ONLY*,1,1,,0,0,1,
60-729-20-04-25,ANTHEM/NINER LOGO POLO:ANTHEM/ - NINER LOGO POLO - M - GRAY,44,44,,0,0,44,
60-729-20-05-25,ANTHEM/NINER LOGO POLO:ANTHEM/ - NINER LOGO POLO - LG - GRAY,16,16,,0,0,16,
60-729-20-06-25,ANTHEM/NINER LOGO POLO:ANTHEM/ - NINER LOGO POLO - XL - GRAY,11,11,,0,0,11,
63-105-21-00-00,GLASS SODA CAN - SCREEN PRINT - - NINER 9 LOGO/PDI LOGO,286,288,,0,2,286,
63-108-21-00-00,18OZ DOUBLE WALL PINT - STAINL - ESS - NINER SCREEN PRINT LOGO,340,340,,0,0,340,
63-110-21-00-20,TIN TACKER WALL ART - PDI LOGO - - 11.5,240,240,,0,0,240,
63-111-21-00-70,COMMON WILD - ENAMEL CAMP MUG - ,1,1,,0,0,1,
63-112-21-00-00,COMMON WILD - NALGENE WATER BO - TTLE,25,25,,0,0,25,
63-112-21-00-20,TIN TACKER WALL ART - NINER CA - -CO BEAR LOGO - 17.5,240,240,,0,0,240,
64-001-20-00-20,BOLT-ON FRONT RACK - RLT E9 RD - O,141,141,,2,0,142,
65-001-20-00-20,BOLT-ON REAR RACK - RLT E9 RDO - ,81,87,,2,1,82,1
68.2793.114.205,SRAM - CN PC1 SLVR 114LI W/ SN - P.LCK T11 1PC,1,1,,1,63,1,0
70-002-00-20-00,WARRANTY REGISTRATION POSTCARD - ,993,993,,0,0,993,
70-003-00-20-00,"STICKER HANDOUT (niner, LOGO, - PDI)",769,768,,0,4,769,
70-004-20-00-10,"NINER DECAL - 9 LOGO, SILVER/T - OPO, 8",165,165,,0,0,165,
70-131-18-00-26,DECAL SET - SIR 9 3-5 STAR - B - LUE / ORANGE,42,42,,0,0,42,
70-131-20-00-26,Decal Set - SIR 9 3 STAR - Ora - nge / Slate - SC,19,19,,0,0,19,
70-702-20-00-75,Decal Set - JET 9 RDO 2-STAR - - Teal / Red,26,26,,0,0,26,
70-703-20-00-75,Decal Set - JET 9 RDO 3-STAR - - Teal / Red,45,45,,0,0,45,
70-704-20-00-75,Decal Set - JET 9 RDO 4-5-STAR - - Teal / Red,30,30,,0,0,30,
70-711-18-00-80,Decal Set - RKT 9 RDO 1-2 STAR - - Blue / Green,1,1,,0,0,1,
70-711-19-00-20,Decal Set - RKT 9 RDO 1-2 STAR - - Carbon/Green,46,46,,0,0,46,
70-711-20-00-50,Decal Set - RKT 9 RDO 2 STAR - - Orange,43,43,,3,0,43,
70-712-17-00-84,AIR 9 RDO - FOX DECAL SET - CM - YK,10,10,,0,0,10,
70-712-19-00-80,Decal Set - AIR 9 RDO 2 STAR - - Blue / Slate,57,57,,1,12,57,
70-712-19-00-84,Decal Set - AIR 9 RDO 2 STAR - - CMYK,10,10,,0,0,10,
70-713-18-00-50,Decal Set - JET 9 RDO 1-2 STAR - - Orange / Slate,21,21,,0,0,21,
70-715-20-00-20,Decal Set - RKT 9 RDO RS 2 STA - R - Carbon/Green,36,36,,0,0,36,
70-715-20-00-50,Decal Set - RKT 9 RDO RS 2 STA - R - Orange,96,96,,0,12,96,
70-722-19-00-80,Decal Set - AIR 9 RDO 3-5 STAR - - Blue / Slate,39,39,,0,0,39,
70-722-20-00-50,Decal Set - AIR 9 RDO 3 STAR - - Orange / Yellow,22,22,,1,0,22,
70-722-20-00-80,Decal Set - AIR 9 RDO 3 STAR - - Blue / Slate,20,20,,0,0,20,
70-731-18-00-80,DECAL SET - RKT 9 RDO 3-5 STAR - - BLUE / GREEN,7,7,,0,0,7,
70-731-19-00-20,Decal Set - RKT 9 RDO 3-5 STAR - - Carbon/Green 34 SC,34,34,,1,0,34,0
70-731-20-00-20,Decal Set - RKT 9 RDO 3 STAR - - Carbon/Green 34 SC,24,24,,0,0,24,
70-731-20-00-50,Decal Set - RKT 9 RDO 3 STAR - - Orange 34 SC,22,22,,0,0,22,
70-733-18-00-22,Decal Set - JET 9 RDO 3-5 STAR - - Grey,1,1,,0,0,1,
70-733-18-00-50,Decal Set - JET 9 RDO 3-5 STAR - - Orange / Slate,12,12,,0,0,12,
70-733-18-00-70,DECAL SET - JET 9 RDO 3-5 STAR - - GREEN / BLUE,7,7,,0,0,7,
70-733-20-00-50,Decal Set - JET 9 RDO 3 STAR - - Orange / Slate,4,4,,0,0,4,
70-734-18-00-50,Decal Set - RIP 9 RDO 3-5 STAR - - Orange / Black,24,24,,0,0,24,
70-734-18-00-70,DECAL SET - RIP 9 RDO 3-5 STAR - - GREEN / BLACK,4,4,,0,0,4,
70-734-19-00-70,Decal Set - RIP 9 RDO 3-5 STAR - - Green / Grey,3,3,,1,0,3,
70-734-20-00-35,Decal Set - RIP 9 RDO 3 STAR - - Mint / Red,27,27,,0,0,27,
70-734-20-00-70,Decal Set - RIP 9 RDO 3 STAR - - Green / Grey,12,12,,0,0,12,
70-735-20-00-20,Decal Set - RKT 9 RDO RS 3 STA - R - Carbon/Green 32 SC,26,26,,0,0,26,
70-735-20-00-50,Decal Set - RKT 9 RDO RS 3 STA - R - Orange 32 SC,25,25,,0,0,25,
70-745-20-00-20,Decal Set - RKT 9 RDO RS 4-5 S - TAR - Carbon/Green 32 SC,51,51,,0,0,51,
70-782-19-00-35,Decal Set - RIP 9 RDO 2 STAR - - Sand - MY19,37,37,,0,6,37,
70-782-19-00-70,Decal Set - RIP 9 RDO 2 STAR - - Green / Grey - MY19,10,10,,0,0,10,
80.7915.001.080,SRAM DERAILLEUR CABLE HOUSING - - 2000MM W/ END CAPS & TIPS,166,166,,0,0,166,
95-000-19-00-00,Niner Pre-Build Box 45 - x 29,618,-55,,1480,8028,618,0
99-005-19-00-20,Niner Patch - Black - ,503,533,,30,0,533,30
99-005-21-00-40,PLUSH SPORTS TOWEL - WHITE - S - UBLIMATED RED NINER LOGO PATTE,142,142,,0,0,142,
IFDM616X6L,"DEORE FRONT DERAILLEUR - 28.6 - BAND, DOWN SWING, D/PULL, 2X -",3,3,,5,0,3,0
KBBMT800B,SHIMANO - XT MT800 BB - KBBMT8 - 00B,18,18,,18,0,18,0
KFDM611D6L,DEORE FRONT DERAILLEUR DIRECT - MOUNT - DOWN SWING - DUAL PULL,24,24,,0,0,24,
KFDM617HL6,SHIMANO - DEORE FRONT DER - 34 - .9 HC - 2X10 - KFDM617HL6,5,5,,7,0,5,0
KFDM780E6X,XT FRONT DERAILLEUR E TYPE - ,28,28,,28,0,28,
KFDM8020D6,SHIMANO - XT 11SP FRONT DER - - DIRECT  - 2X11 - KFDM8020D6,7,7,,0,0,7,
KSMBB70B,XT BOTTOM BRACKET - ,10,10,,10,0,10,0
KSMBB93B,XTR 11sp Bottom Bracket - KSMB - B93B,8,8,,0,0,8,
KSMFD905E,"ADAPTER FOR FD MOUNT, SM-FD905 - -E,       E TYPE MOUNT, BULK",21,21,,21,0,21,0
KSMFD905HL,"ADAPTER FOR FD MOUNT, SM-FD905 - -H, HIGH CLAMP BAND,L-SIZE(34.",11,11,,22,0,11,0
,,,,,,,,
